COUNTER,INTERPOLATED,RAW_CQ,AF3,F7,F3, FC5, T7, P7, O1, O2,P8, T8, FC6, F4,F8, AF4,GYROX, GYROY, TIMESTAMP, ES_TIMESTAMPFUNC_ID, FUNC_VALUE, MARKER, SYNC_SIGNAL,
111,0,439,4080,51282051282,4354,35897435897,5045,64102564103,4837,4358974359,4493,33333333333,4494,35897435897,4172,82051282051,4190,25641025641,4475,38461538462,4395,38461538462,3881,53846153846,4368,71794871795,4093,33333333333,4271,28205128205,1697,1680,210,489,210,204086303711,0,0,0,0,
112,0,446,4089,74358974359,4361,02564102564,5051,79487179487,4843,07692307692,4495,89743589744,4496,41025641026,4172,82051282051,4195,38461538462,4477,4358974359,4396,41025641026,3884,10256410256,4369,23076923077,4098,97435897436,4276,92307692308,1698,1680,210,496,210,204086303711,0,0,0,0,
113,0,418,4095,89743589744,4366,15384615385,5058,97435897436,4846,15384615385,4495,89743589744,4494,35897435897,4169,23076923077,4202,5641025641,4478,46153846154,4401,53846153846,3883,58974358974,4373,84615384615,4101,02564102564,4279,48717948718,1697,1680,210,504,210,204086303711,0,0,0,0,
114,0,445,4092,30769230769,4364,10256410256,5061,02564102564,4843,58974358974,4494,35897435897,4492,30769230769,4170,25641025641,4204,10256410256,4482,05128205128,4402,05128205128,3886,66666666667,4376,92307692308,4097,94871794872,4280,51282051282,1697,1680,210,513,210,204086303711,0,0,0,0,
115,0,439,4092,82051282051,4363,07692307692,5060,51282051282,4844,61538461539,4494,35897435897,4491,28205128205,4174,8717948718,4198,97435897436,4481,02564102564,4401,53846153846,3889,23076923077,4378,97435897436,4103,58974358974,4284,10256410256,1697,1679,210,519,210,204086303711,0,0,0,0,
116,0,446,4093,84615384615,4364,61538461538,5060,51282051282,4845,12820512821,4495,89743589744,4492,30769230769,4173,33333333333,4195,89743589744,4478,97435897436,4404,61538461538,3889,74358974359,4382,05128205128,4110,25641025641,4284,10256410256,1697,1680,210,528,210,204086303711,0,0,0,0,
117,0,418,4088,71794871795,4363,58974358974,5063,07692307692,4844,10256410256,4496,41025641026,4492,30769230769,4169,74358974359,4195,89743589744,4482,05128205128,4404,61538461538,3893,84615384615,4382,05128205128,4110,25641025641,4280,1697,1679,210,535,210,204086303711,0,0,0,0,
118,0,445,4087,69230769231,4364,10256410256,5062,5641025641,4847,69230769231,4496,41025641026,4490,76923076923,4170,76923076923,4199,48717948718,4483,07692307692,4400,51282051282,3891,79487179487,4376,41025641026,4106,66666666667,4281,53846153846,1697,1680,210,543,210,204086303711,0,0,0,0,
119,0,439,4088,20512820513,4362,5641025641,5055,38461538462,4845,12820512821,4494,35897435897,4488,71794871795,4171,28205128205,4196,92307692308,4476,41025641026,4393,84615384615,3880,51282051282,4368,71794871795,4098,97435897436,4280,1698,1679,210,551,210,204086303711,0,0,0,0,
120,0,446,4081,53846153846,4357,94871794872,5050,25641025641,4842,05128205128,4492,82051282051,4488,20512820513,4168,71794871795,4187,69230769231,4469,74358974359,4387,17948717949,3875,89743589744,4362,5641025641,4089,74358974359,4269,23076923077,1697,1679,210,559,210,204086303711,0,0,0,0,
121,0,418,4075,38461538462,4357,4358974359,5050,76923076923,4843,58974358974,4496,41025641026,4487,69230769231,4169,74358974359,4185,64102564103,4471,79487179487,4387,69230769231,3878,97435897436,4364,61538461538,4092,30769230769,4266,15384615385,1698,1679,210,566,210,204086303711,0,0,0,0,
122,0,445,4077,4358974359,4360,51282051282,5053,33333333333,4843,07692307692,4499,48717948718,4489,23076923077,4170,76923076923,4192,30769230769,4473,33333333333,4390,76923076923,3878,97435897436,4372,82051282051,4098,46153846154,4272,30769230769,1698,1679,210,574,210,204086303711,0,0,0,0,
123,0,439,4077,94871794872,4362,05128205128,5056,41025641026,4845,12820512821,4499,48717948718,4488,71794871795,4168,20512820513,4191,28205128205,4467,69230769231,4386,15384615385,3880,51282051282,4371,28205128205,4095,38461538462,4271,28205128205,1699,1679,210,582,210,204086303711,0,0,0,0,
124,0,446,4080,4360,51282051282,5059,48717948718,4853,33333333333,4498,97435897436,4486,66666666667,4168,20512820513,4182,05128205128,4458,97435897436,4381,02564102564,3880,4364,10256410256,4088,71794871795,4271,28205128205,1699,1678,210,59,210,204086303711,0,0,0,0,
125,0,418,4089,74358974359,4363,07692307692,5062,5641025641,4852,82051282051,4504,10256410256,4488,71794871795,4169,23076923077,4176,41025641026,4458,46153846154,4384,10256410256,3878,97435897436,4366,66666666667,4093,33333333333,4281,02564102564,1699,1679,210,599,210,204086303711,0,0,0,0,
126,0,445,4094,35897435898,4371,79487179487,5065,64102564103,4851,79487179487,4511,79487179487,4487,69230769231,4167,69230769231,4178,46153846154,4464,10256410256,4388,20512820513,3883,58974358974,4370,25641025641,4102,5641025641,4286,66666666667,1699,1678,210,605,210,204086303711,0,0,0,0,
127,0,439,4089,23076923077,4371,28205128205,5063,58974358974,4856,41025641026,4510,76923076923,4482,5641025641,4165,64102564103,4182,05128205128,4464,61538461538,4386,15384615385,3884,61538461539,4367,69230769231,4102,5641025641,4281,02564102564,1699,1679,210,614,210,204086303711,0,0,0,0,
128,0,446,4085,64102564103,4366,15384615385,5060,51282051282,4854,35897435897,4509,74358974359,4482,05128205128,4168,71794871795,4178,46153846154,4463,07692307692,4386,15384615385,3880,51282051282,4369,74358974359,4100,51282051282,4280,51282051282,1699,1678,210,622,210,204086303711,0,0,0,0,
0,0,448,4088,20512820513,4372,82051282051,5065,64102564103,4853,33333333333,4516,41025641026,4483,58974358974,4171,28205128205,4174,8717948718,4463,07692307692,4389,74358974359,3885,64102564103,4375,89743589744,4103,07692307692,4291,28205128205,1697,1679,210,63,210,204086303711,0,0,0,0,
1,0,442,4092,30769230769,4377,4358974359,5068,20512820513,4860,51282051282,4517,4358974359,4478,46153846154,4167,69230769231,4178,46153846154,4461,53846153846,4393,84615384615,3891,79487179487,4376,41025641026,4107,69230769231,4293,33333333333,1699,1678,210,638,210,204086303711,0,0,0,0,
2,0,462,4092,82051282051,4372,82051282051,5065,64102564103,4861,53846153846,4511,79487179487,4473,84615384615,4164,10256410256,4178,97435897436,4462,5641025641,4394,8717948718,3889,74358974359,4377,4358974359,4110,25641025641,4286,15384615385,1697,1678,210,646,210,204086303711,0,0,0,0,
3,0,471,4091,28205128205,4373,33333333333,5064,10256410256,4856,92307692308,4511,79487179487,4475,89743589744,4167,17948717949,4179,48717948718,4467,69230769231,4392,82051282051,3890,76923076923,4379,48717948718,4105,64102564103,4284,10256410256,1699,1678,210,653,210,204086303711,0,0,0,0,
4,0,475,4091,28205128205,4374,35897435897,5061,02564102564,4858,97435897436,4514,35897435897,4477,4358974359,4168,71794871795,4188,20512820513,4472,82051282051,4396,41025641026,3895,89743589744,4375,89743589744,4105,12820512821,4287,69230769231,1699,1677,210,66,210,204086303711,0,0,0,0,
5,0,461,4091,79487179487,4370,76923076923,5057,94871794872,4858,97435897436,4513,84615384615,4474,8717948718,4167,17948717949,4189,74358974359,4472,82051282051,4403,07692307692,3895,38461538462,4375,89743589744,4115,38461538462,4288,20512820513,1698,1678,210,668,210,204086303711,0,0,0,0,
6,0,459,4093,84615384615,4373,33333333333,5061,53846153846,4856,41025641026,4514,8717948718,4474,35897435897,4169,23076923077,4182,5641025641,4473,84615384615,4406,66666666667,3893,84615384615,4381,53846153846,4117,4358974359,4290,25641025641,1699,1678,210,676,210,204086303711,0,0,0,0,
7,0,415,4095,38461538462,4376,92307692308,5064,61538461539,4857,94871794872,4514,35897435897,4474,8717948718,4169,74358974359,4190,25641025641,4479,48717948718,4407,69230769231,3896,92307692308,4386,15384615385,4111,79487179487,4294,8717948718,1699,1679,210,684,210,204086303711,0,0,0,0,
8,0,412,4092,30769230769,4369,74358974359,5061,02564102564,4859,48717948718,4509,74358974359,4472,30769230769,4167,69230769231,4200,4480,51282051282,4407,69230769231,3896,92307692308,4383,07692307692,4112,30769230769,4293,33333333333,1699,1678,210,692,210,204086303711,0,0,0,0,
9,0,421,4089,23076923077,4365,64102564103,5057,94871794872,4857,4358974359,4509,23076923077,4471,28205128205,4168,71794871795,4193,84615384615,4477,94871794872,4408,71794871795,3894,35897435898,4378,97435897436,4112,30769230769,4290,76923076923,1698,1679,210,7,210,204086303711,0,0,0,0,
10,0,445,4091,28205128205,4372,30769230769,5061,53846153846,4858,97435897436,4514,35897435897,4476,41025641026,4171,79487179487,4192,82051282051,4483,07692307692,4409,74358974359,3900,51282051282,4383,07692307692,4114,35897435897,4291,79487179487,1700,1677,210,707,210,204086303711,0,0,0,0,
11,0,439,4092,82051282051,4375,38461538462,5065,12820512821,4866,15384615385,4516,41025641026,4477,94871794872,4172,30769230769,4199,48717948718,4486,66666666667,4411,79487179487,3907,69230769231,4388,71794871795,4119,48717948718,4293,84615384615,1700,1678,210,716,210,204086303711,0,0,0,0,
12,0,446,4093,33333333333,4374,8717948718,5065,64102564103,4865,12820512821,4513,33333333333,4472,82051282051,4169,23076923077,4193,33333333333,4480,51282051282,4412,30769230769,3904,61538461539,4386,66666666667,4118,46153846154,4296,41025641026,1699,1677,210,724,210,204086303711,0,0,0,0,
13,0,418,4095,38461538462,4376,92307692308,5063,58974358974,4858,46153846154,4509,74358974359,4472,30769230769,4168,71794871795,4189,23076923077,4478,46153846154,4410,25641025641,3901,02564102564,4383,58974358974,4116,41025641026,4296,92307692308,1699,1677,210,731,210,204086303711,0,0,0,0,
14,0,445,4090,25641025641,4373,33333333333,5062,05128205128,4854,35897435897,4508,71794871795,4471,28205128205,4171,79487179487,4196,92307692308,4483,07692307692,4409,74358974359,3902,5641025641,4380,51282051282,4118,97435897436,4293,33333333333,1699,1678,210,738,210,204086303711,0,0,0,0,
15,0,439,4082,05128205128,4365,12820512821,5057,94871794872,4849,74358974359,4506,66666666667,4463,07692307692,4167,69230769231,4196,92307692308,4480,51282051282,4409,23076923077,3898,97435897436,4373,33333333333,4114,8717948718,4285,12820512821,1699,1679,210,746,210,204086303711,0,0,0,0,
16,0,0,4078,46153846154,4362,5641025641,5049,23076923077,4844,10256410256,4500,51282051282,4458,46153846154,4161,53846153846,4191,28205128205,4472,82051282051,4401,53846153846,3887,69230769231,4367,17948717949,4103,58974358974,4278,97435897436,1699,1678,210,755,210,204086303711,0,0,0,0,
17,0,0,4076,41025641026,4360,5044,61538461539,4844,10256410256,4497,94871794872,4462,05128205128,4164,10256410256,4189,74358974359,4470,25641025641,4393,84615384615,3878,97435897436,4363,58974358974,4098,97435897436,4275,38461538462,1698,1680,210,762,210,204086303711,0,0,0,0,
18,0,0,4072,30769230769,4352,82051282051,5045,64102564103,4844,61538461539,4500,51282051282,4461,02564102564,4168,71794871795,4186,66666666667,4470,76923076923,4393,33333333333,3877,4358974359,4361,02564102564,4101,53846153846,4274,35897435897,1698,1679,210,771,210,204086303711,0,0,0,0,
19,0,0,4072,30769230769,4350,25641025641,5044,10256410256,4838,46153846154,4498,97435897436,4457,94871794872,4167,69230769231,4183,07692307692,4468,71794871795,4392,30769230769,3877,94871794872,4361,53846153846,4104,10256410256,4273,33333333333,1697,1681,210,779,210,204086303711,0,0,0,0,
20,0,0,4076,92307692308,4353,33333333333,5045,12820512821,4835,38461538462,4495,38461538462,4460,51282051282,4166,66666666667,4184,10256410256,4464,10256410256,4390,76923076923,3881,02564102564,4364,10256410256,4100,51282051282,4272,82051282051,1698,1680,210,786,210,704513549805,0,0,0,0,
21,0,0,4078,97435897436,4353,33333333333,5048,71794871795,4838,97435897436,4495,38461538462,4460,51282051282,4168,71794871795,4189,23076923077,4467,69230769231,4394,35897435897,3885,64102564103,4368,20512820513,4097,94871794872,4275,38461538462,1697,1681,210,794,210,704513549805,0,0,0,0,
22,0,0,4078,46153846154,4352,82051282051,5050,25641025641,4843,58974358974,4498,97435897436,4462,05128205128,4169,74358974359,4191,79487179487,4476,92307692308,4400,51282051282,3888,20512820513,4371,79487179487,4103,07692307692,4280,1698,1680,210,801,210,704513549805,0,0,0,0,
23,0,0,4078,46153846154,4355,38461538462,5049,74358974359,4843,58974358974,4501,02564102564,4473,33333333333,4170,76923076923,4192,30769230769,4476,41025641026,4404,61538461538,3890,25641025641,4372,30769230769,4106,66666666667,4281,02564102564,1698,1680,210,811,210,704513549805,0,0,0,0,
24,0,0,4078,97435897436,4352,82051282051,5051,28205128205,4843,07692307692,4498,97435897436,4474,35897435897,4170,76923076923,4193,84615384615,4472,82051282051,4402,5641025641,3891,28205128205,4373,33333333333,4105,64102564103,4278,97435897436,1697,1682,210,818,210,704513549805,0,0,0,0,
25,0,0,4080,4345,64102564103,5052,30769230769,4844,10256410256,4497,94871794872,4462,05128205128,4167,69230769231,4194,35897435897,4473,33333333333,4396,92307692308,3891,79487179487,4375,38461538462,4106,15384615385,4281,02564102564,1698,1682,210,824,210,704513549805,0,0,0,0,
26,0,0,4080,4344,10256410256,5051,28205128205,4843,58974358974,4497,4358974359,4457,94871794872,4167,17948717949,4190,76923076923,4472,82051282051,4396,92307692308,3891,79487179487,4376,41025641026,4106,66666666667,4283,07692307692,1699,1681,210,857,210,704513549805,0,0,0,0,
27,0,0,4078,97435897436,4346,66666666667,5052,82051282051,4844,10256410256,4496,41025641026,4464,10256410256,4169,74358974359,4190,25641025641,4473,33333333333,4397,4358974359,3889,74358974359,4376,92307692308,4104,10256410256,4281,02564102564,1699,1681,210,857,210,704513549805,0,0,0,0,
28,0,0,4080,4345,64102564103,5052,82051282051,4844,10256410256,4495,38461538462,4463,07692307692,4167,17948717949,4193,33333333333,4475,38461538462,4393,84615384615,3888,71794871795,4375,38461538462,4100,51282051282,4281,02564102564,1698,1682,210,857,210,704513549805,0,0,0,0,
29,0,0,4078,97435897436,4344,61538461538,5049,23076923077,4843,07692307692,4497,4358974359,4456,92307692308,4164,10256410256,4191,79487179487,4470,76923076923,4389,23076923077,3887,69230769231,4370,76923076923,4098,46153846154,4277,94871794872,1700,1680,210,857,210,704513549805,0,0,0,0,
30,0,0,4078,97435897436,4345,12820512821,5048,20512820513,4843,58974358974,4500,4463,07692307692,4168,20512820513,4190,76923076923,4467,17948717949,4387,69230769231,3884,61538461539,4367,17948717949,4095,89743589744,4271,79487179487,1699,1681,210,863,210,704513549805,0,0,0,0,
31,0,0,4080,51282051282,4344,10256410256,5047,69230769231,4843,58974358974,4500,4471,28205128205,4172,30769230769,4189,23076923077,4468,71794871795,4385,12820512821,3880,4367,17948717949,4093,33333333333,4271,28205128205,1701,1680,210,871,210,704513549805,0,0,0,0,
32,0,0,4081,02564102564,4345,12820512821,5044,10256410256,4842,05128205128,4500,51282051282,4465,12820512821,4170,76923076923,4186,66666666667,4467,69230769231,4381,02564102564,3875,38461538462,4362,05128205128,4092,82051282051,4270,76923076923,1699,1680,210,879,210,704513549805,0,0,0,0,
33,0,0,4078,97435897436,4348,20512820513,5043,07692307692,4844,61538461539,4501,53846153846,4459,48717948718,4164,61538461538,4190,76923076923,4469,74358974359,4381,02564102564,3872,82051282051,4353,33333333333,4092,30769230769,4265,64102564103,1700,1681,210,887,210,704513549805,0,0,0,0,
34,0,0,4074,8717948718,4344,10256410256,5045,12820512821,4843,58974358974,4498,46153846154,4463,07692307692,4158,46153846154,4188,71794871795,4470,25641025641,4380,3869,74358974359,4350,76923076923,4089,23076923077,4260,1699,1680,210,895,210,704513549805,0,0,0,0,
35,0,0,4072,82051282051,4338,97435897436,5042,5641025641,4835,38461538462,4495,89743589744,4463,07692307692,4156,41025641026,4180,4465,12820512821,4378,46153846154,3868,71794871795,4350,76923076923,4088,20512820513,4259,48717948718,1699,1680,210,903,210,704513549805,0,0,0,0,
36,0,0,4074,35897435898,4338,46153846154,5037,94871794872,4834,8717948718,4498,97435897436,4463,07692307692,4154,35897435897,4177,94871794872,4461,02564102564,4377,94871794872,3869,74358974359,4349,23076923077,4089,74358974359,4262,05128205128,1699,1679,210,911,210,704513549805,0,0,0,0,
37,0,0,4073,84615384615,4338,46153846154,5037,4358974359,4842,5641025641,4502,5641025641,4472,82051282051,4155,38461538462,4184,10256410256,4461,53846153846,4376,92307692308,3870,25641025641,4351,79487179487,4088,71794871795,4261,53846153846,1698,1680,210,919,210,704513549805,0,0,0,0,
38,0,0,4072,30769230769,4339,48717948718,5041,02564102564,4844,61538461539,4500,51282051282,4474,35897435897,4158,97435897436,4187,17948717949,4465,64102564103,4381,53846153846,3869,23076923077,4358,46153846154,4088,20512820513,4261,02564102564,1699,1679,210,927,210,704513549805,0,0,0,0,
39,0,0,4076,92307692308,4345,12820512821,5047,69230769231,4844,10256410256,4502,05128205128,4471,28205128205,4164,61538461538,4190,25641025641,4471,79487179487,4389,74358974359,3874,8717948718,4361,02564102564,4092,82051282051,4267,69230769231,1698,1679,210,935,210,704513549805,0,0,0,0,
40,0,0,4080,4348,71794871795,5048,71794871795,4844,61538461539,4505,64102564103,4474,35897435897,4164,61538461538,4189,74358974359,4469,23076923077,4387,17948717949,3882,5641025641,4361,02564102564,4094,8717948718,4271,79487179487,1698,1679,210,943,210,704513549805,0,0,0,0,
41,0,0,4074,8717948718,4345,12820512821,5041,02564102564,4842,05128205128,4504,10256410256,4471,28205128205,4157,4358974359,4180,51282051282,4457,4358974359,4375,89743589744,3877,94871794872,4361,53846153846,4089,23076923077,4263,07692307692,1697,1680,210,949,210,704513549805,0,0,0,0,
42,0,0,4070,76923076923,4342,05128205128,5039,48717948718,4841,02564102564,4500,4463,07692307692,4154,35897435897,4174,8717948718,4455,89743589744,4374,8717948718,3874,8717948718,4361,53846153846,4086,66666666667,4261,53846153846,1698,1679,210,957,210,704513549805,0,0,0,0,
43,0,0,4070,25641025641,4343,58974358974,5044,61538461539,4844,10256410256,4498,46153846154,4463,07692307692,4156,41025641026,4180,4461,53846153846,4379,48717948718,3880,4361,53846153846,4090,25641025641,4267,17948717949,1697,1679,210,965,210,704513549805,0,0,0,0,
44,0,0,4070,76923076923,4344,61538461538,5045,64102564103,4844,10256410256,4498,46153846154,4466,15384615385,4156,41025641026,4181,02564102564,4458,97435897436,4375,89743589744,3877,4358974359,4361,53846153846,4086,66666666667,4263,07692307692,1697,1680,210,973,210,704513549805,0,0,0,0,
45,0,0,4070,76923076923,4344,10256410256,5042,05128205128,4843,58974358974,4498,97435897436,4463,58974358974,4156,41025641026,4176,41025641026,4455,89743589744,4371,28205128205,3867,69230769231,4357,4358974359,4081,53846153846,4259,48717948718,1698,1679,210,982,210,704513549805,0,0,0,0,
46,0,0,4069,74358974359,4346,15384615385,5037,4358974359,4843,58974358974,4499,48717948718,4460,4158,97435897436,4172,82051282051,4456,92307692308,4371,79487179487,3867,17948717949,4354,8717948718,4085,12820512821,4263,58974358974,1697,1680,210,99,210,704513549805,0,0,0,0,
47,0,0,4072,30769230769,4347,17948717949,5036,92307692308,4839,48717948718,4500,51282051282,4457,94871794872,4154,35897435897,4171,79487179487,4457,94871794872,4375,89743589744,3876,41025641026,4355,38461538462,4089,74358974359,4262,5641025641,1698,1679,210,997,210,704513549805,0,0,0,0,
48,0,0,4076,92307692308,4350,25641025641,5043,07692307692,4842,5641025641,4502,05128205128,4459,48717948718,4149,74358974359,4170,25641025641,4455,38461538462,4376,92307692308,3878,97435897436,4355,89743589744,4091,28205128205,4262,05128205128,1697,1680,211,005,210,704513549805,0,0,0,0,
49,0,0,4076,92307692308,4356,92307692308,5044,61538461539,4852,82051282051,4505,64102564103,4468,20512820513,4153,84615384615,4168,20512820513,4454,35897435897,4376,92307692308,3877,94871794872,4358,97435897436,4094,35897435898,4269,74358974359,1699,1679,211,013,210,704513549805,0,0,0,0,
50,0,0,4076,41025641026,4358,46153846154,5043,58974358974,4852,30769230769,4510,25641025641,4474,35897435897,4154,8717948718,4169,74358974359,4458,46153846154,4377,94871794872,3881,02564102564,4358,46153846154,4094,35897435898,4271,28205128205,1698,1680,211,02,210,704513549805,0,0,0,0,
51,0,0,4081,02564102564,4357,94871794872,5050,25641025641,4851,28205128205,4511,28205128205,4473,33333333333,4154,35897435897,4177,4358974359,4461,53846153846,4377,4358974359,3881,02564102564,4354,8717948718,4089,74358974359,4266,15384615385,1699,1679,211,029,210,704513549805,0,0,0,0,
52,0,0,4084,61538461539,4362,5641025641,5053,33333333333,4855,89743589744,4514,35897435897,4473,33333333333,4155,89743589744,4181,02564102564,4459,48717948718,4376,92307692308,3875,89743589744,4356,41025641026,4090,76923076923,4267,69230769231,1699,1678,211,037,210,704513549805,0,0,0,0,
53,0,0,4081,53846153846,4362,05128205128,5048,20512820513,4852,82051282051,4512,30769230769,4474,35897435897,4154,8717948718,4177,94871794872,4457,94871794872,4376,92307692308,3874,35897435898,4355,89743589744,4091,28205128205,4268,71794871795,1699,1678,211,044,210,704513549805,0,0,0,0,
54,0,0,4077,4358974359,4354,8717948718,5046,66666666667,4848,20512820513,4504,10256410256,4472,82051282051,4154,8717948718,4177,94871794872,4457,94871794872,4374,8717948718,3876,41025641026,4353,33333333333,4085,64102564103,4264,10256410256,1699,1678,211,052,210,704513549805,0,0,0,0,
55,0,0,4081,02564102564,4353,84615384615,5052,30769230769,4850,76923076923,4507,17948717949,4473,33333333333,4157,4358974359,4181,53846153846,4460,4375,38461538462,3874,35897435898,4354,8717948718,4087,17948717949,4264,10256410256,1700,1679,211,059,210,704513549805,0,0,0,0,
56,0,0,4083,58974358974,4357,94871794872,5051,79487179487,4853,84615384615,4508,71794871795,4474,8717948718,4155,89743589744,4173,84615384615,4460,51282051282,4377,94871794872,3872,82051282051,4354,35897435897,4092,30769230769,4267,69230769231,1700,1678,211,067,210,704513549805,0,0,0,0,
57,0,0,4077,94871794872,4354,35897435897,5045,64102564103,4849,23076923077,4504,61538461538,4475,89743589744,4157,4358974359,4164,61538461538,4453,84615384615,4372,82051282051,3871,28205128205,4346,66666666667,4089,23076923077,4263,07692307692,1699,1679,211,075,210,704513549805,0,0,0,0,
58,0,0,4076,92307692308,4350,76923076923,5043,58974358974,4846,15384615385,4506,66666666667,4477,94871794872,4162,5641025641,4168,71794871795,4449,74358974359,4365,64102564103,3865,64102564103,4342,5641025641,4085,12820512821,4261,02564102564,1700,1677,211,082,210,704513549805,0,0,0,0,
59,0,0,4085,64102564103,4352,82051282051,5044,10256410256,4847,17948717949,4509,74358974359,4477,94871794872,4160,4170,25641025641,4454,8717948718,4369,74358974359,3867,69230769231,4347,69230769231,4089,74358974359,4264,10256410256,1699,1678,211,09,210,704513549805,0,0,0,0,
60,0,0,4086,66666666667,4354,8717948718,5044,61538461539,4848,20512820513,4508,20512820513,4476,92307692308,4156,41025641026,4165,64102564103,4456,92307692308,4375,89743589744,3875,38461538462,4347,69230769231,4095,38461538462,4264,61538461538,1700,1678,211,099,210,704513549805,0,0,0,0,
61,0,0,4079,48717948718,4354,8717948718,5042,05128205128,4847,17948717949,4508,20512820513,4477,94871794872,4156,92307692308,4172,82051282051,4454,8717948718,4376,41025641026,3871,79487179487,4340,4094,35897435898,4265,12820512821,1700,1678,211,107,210,704513549805,0,0,0,0,
62,0,0,4076,41025641026,4350,76923076923,5037,4358974359,4842,05128205128,4505,64102564103,4478,46153846154,4155,89743589744,4178,46153846154,4454,8717948718,4373,33333333333,3860,51282051282,4335,89743589744,4088,20512820513,4262,05128205128,1699,1679,211,114,210,704513549805,0,0,0,0,
63,0,0,4083,07692307692,4347,17948717949,5038,97435897436,4844,10256410256,4504,10256410256,4475,38461538462,4151,28205128205,4173,84615384615,4458,46153846154,4376,92307692308,3860,51282051282,4339,48717948718,4085,64102564103,4256,41025641026,1699,1679,211,123,210,704513549805,0,0,0,0,
64,0,448,4090,25641025641,4355,38461538462,5049,23076923077,4854,8717948718,4512,82051282051,4480,4152,82051282051,4176,41025641026,4464,10256410256,4385,64102564103,3869,74358974359,4347,69230769231,4091,28205128205,4264,61538461538,1699,1678,211,13,210,704513549805,0,0,0,0,
65,0,442,4091,28205128205,4367,69230769231,5052,30769230769,4857,4358974359,4514,8717948718,4489,23076923077,4160,4187,69230769231,4466,66666666667,4387,69230769231,3874,35897435898,4354,35897435897,4094,8717948718,4272,82051282051,1699,1678,211,138,210,704513549805,0,0,0,0,
66,0,462,4090,76923076923,4365,64102564103,5045,64102564103,4850,25641025641,4511,79487179487,4489,74358974359,4160,51282051282,4187,17948717949,4462,5641025641,4381,02564102564,3868,71794871795,4353,84615384615,4090,76923076923,4266,15384615385,1700,1678,211,145,210,704513549805,0,0,0,0,
67,0,471,4090,25641025641,4356,92307692308,5043,07692307692,4849,74358974359,4514,35897435897,4487,69230769231,4158,97435897436,4180,51282051282,4457,94871794872,4375,89743589744,3860,4350,25641025641,4087,69230769231,4263,07692307692,1699,1678,211,153,210,704513549805,0,0,0,0,
68,0,475,4086,15384615385,4355,38461538462,5045,64102564103,4853,84615384615,4513,84615384615,4490,25641025641,4163,07692307692,4184,10256410256,4461,02564102564,4379,48717948718,3862,5641025641,4354,35897435897,4089,74358974359,4267,17948717949,1700,1678,211,161,210,704513549805,0,0,0,0,
69,0,461,4090,25641025641,4357,4358974359,5048,71794871795,4852,30769230769,4513,33333333333,4490,76923076923,4166,15384615385,4189,23076923077,4465,64102564103,4383,58974358974,3871,28205128205,4363,07692307692,4095,38461538462,4270,25641025641,1699,1677,211,168,210,704513549805,0,0,0,0,
70,0,459,4098,97435897436,4360,51282051282,5054,35897435897,4856,92307692308,4516,41025641026,4488,71794871795,4165,12820512821,4183,58974358974,4465,64102564103,4384,61538461538,3874,8717948718,4366,66666666667,4096,41025641026,4273,84615384615,1700,1678,211,176,210,704513549805,0,0,0,0,
71,0,415,4098,46153846154,4362,5641025641,5060,4862,5641025641,4517,4358974359,4489,74358974359,4163,07692307692,4182,5641025641,4466,15384615385,4389,23076923077,3878,46153846154,4369,23076923077,4096,92307692308,4279,48717948718,1699,1678,211,184,210,704513549805,0,0,0,0,
72,0,412,4097,4358974359,4362,5641025641,5061,02564102564,4858,46153846154,4516,92307692308,4490,25641025641,4162,5641025641,4189,23076923077,4470,76923076923,4394,8717948718,3884,61538461539,4373,84615384615,4104,10256410256,4286,15384615385,1700,1678,211,192,210,704513549805,0,0,0,0,
73,0,421,4105,12820512821,4365,64102564103,5059,48717948718,4860,4520,4489,74358974359,4164,10256410256,4191,79487179487,4475,38461538462,4397,94871794872,3887,69230769231,4375,38461538462,4109,74358974359,4288,71794871795,1699,1678,211,2,210,704513549805,0,0,0,0,
74,0,445,4107,69230769231,4370,25641025641,5059,48717948718,4864,61538461539,4521,02564102564,4490,76923076923,4163,07692307692,4188,71794871795,4477,4358974359,4398,46153846154,3888,20512820513,4373,84615384615,4111,28205128205,4289,23076923077,1699,1679,211,209,210,704513549805,0,0,0,0,
75,0,439,4103,58974358974,4370,25641025641,5061,53846153846,4862,5641025641,4517,4358974359,4490,25641025641,4161,53846153846,4187,17948717949,4472,82051282051,4396,41025641026,3888,20512820513,4372,30769230769,4112,30769230769,4290,25641025641,1699,1678,211,215,210,704513549805,0,0,0,0,
76,0,446,4104,10256410256,4369,23076923077,5060,51282051282,4861,53846153846,4514,8717948718,4489,74358974359,4160,4185,12820512821,4464,61538461538,4394,35897435897,3884,61538461539,4369,23076923077,4111,79487179487,4288,20512820513,1698,1680,211,224,210,704513549805,0,0,0,0,
77,0,418,4105,12820512821,4366,15384615385,5055,38461538462,4861,02564102564,4516,92307692308,4492,30769230769,4161,53846153846,4182,05128205128,4464,10256410256,4391,28205128205,3877,94871794872,4364,10256410256,4108,20512820513,4283,07692307692,1699,1678,211,231,210,704513549805,0,0,0,0,
78,0,445,4104,61538461538,4361,02564102564,5056,92307692308,4861,02564102564,4524,61538461538,4495,89743589744,4165,64102564103,4183,07692307692,4471,28205128205,4394,8717948718,3877,4358974359,4360,51282051282,4107,17948717949,4281,53846153846,1698,1679,211,24,210,704513549805,0,0,0,0,
79,0,439,4105,64102564103,4358,97435897436,5058,97435897436,4864,61538461539,4524,10256410256,4494,8717948718,4164,10256410256,4185,64102564103,4475,89743589744,4402,5641025641,3880,51282051282,4359,48717948718,4111,79487179487,4281,02564102564,1698,1678,211,248,210,704513549805,0,0,0,0,
80,0,446,4102,05128205128,4357,4358974359,5055,38461538462,4864,61538461539,4521,02564102564,4496,92307692308,4161,53846153846,4183,58974358974,4474,35897435897,4402,05128205128,3877,94871794872,4358,46153846154,4110,76923076923,4277,4358974359,1697,1678,211,255,210,704513549805,0,0,0,0,
81,0,418,4100,4357,4358974359,5055,89743589744,4862,5641025641,4526,15384615385,4505,64102564103,4162,5641025641,4185,64102564103,4476,41025641026,4401,02564102564,3879,48717948718,4359,48717948718,4112,30769230769,4280,51282051282,1698,1679,211,262,210,704513549805,0,0,0,0,
82,0,445,4103,07692307692,4360,51282051282,5057,94871794872,4865,64102564103,4526,15384615385,4503,58974358974,4163,07692307692,4193,84615384615,4482,5641025641,4408,71794871795,3886,66666666667,4362,5641025641,4116,41025641026,4282,5641025641,1698,1679,211,27,210,704513549805,0,0,0,0,
83,0,439,4102,5641025641,4355,89743589744,5055,89743589744,4868,20512820513,4522,5641025641,4492,30769230769,4161,02564102564,4197,94871794872,4483,58974358974,4408,71794871795,3887,69230769231,4362,5641025641,4113,84615384615,4281,02564102564,1699,1679,211,278,210,704513549805,0,0,0,0,
84,0,446,4100,4350,76923076923,5055,38461538462,4860,51282051282,4522,5641025641,4492,82051282051,4159,48717948718,4191,28205128205,4478,46153846154,4400,51282051282,3881,53846153846,4360,4109,74358974359,4281,02564102564,1697,1678,211,286,211,197128295898,0,0,0,0,
85,0,418,4098,46153846154,4350,25641025641,5051,79487179487,4858,46153846154,4523,07692307692,4497,4358974359,4159,48717948718,4183,07692307692,4471,28205128205,4395,38461538462,3877,94871794872,4356,92307692308,4109,74358974359,4278,97435897436,1698,1679,211,294,211,197128295898,0,0,0,0,
86,0,445,4096,92307692308,4349,74358974359,5045,64102564103,4866,66666666667,4521,53846153846,4490,76923076923,4159,48717948718,4183,07692307692,4468,20512820513,4394,35897435897,3877,94871794872,4352,82051282051,4108,71794871795,4276,92307692308,1699,1678,211,303,211,197128295898,0,0,0,0,
87,0,439,4098,97435897436,4353,84615384615,5048,71794871795,4864,61538461539,4521,02564102564,4492,82051282051,4160,4190,76923076923,4471,28205128205,4398,46153846154,3878,97435897436,4354,35897435897,4111,79487179487,4280,1698,1679,211,31,211,197128295898,0,0,0,0,
88,0,446,4104,10256410256,4358,46153846154,5054,8717948718,4858,46153846154,4523,07692307692,4504,61538461538,4162,05128205128,4188,71794871795,4471,79487179487,4402,5641025641,3877,94871794872,4358,46153846154,4118,46153846154,4283,07692307692,1700,1678,211,318,211,197128295898,0,0,0,0,
89,0,418,4104,61538461538,4358,97435897436,5053,33333333333,4860,4523,58974358974,4501,53846153846,4162,5641025641,4177,4358974359,4467,17948717949,4397,4358974359,3874,8717948718,4360,4115,89743589744,4281,53846153846,1698,1679,211,326,211,197128295898,0,0,0,0,
90,0,445,4102,05128205128,4359,48717948718,5051,28205128205,4861,53846153846,4522,5641025641,4488,71794871795,4158,97435897436,4176,41025641026,4464,10256410256,4390,25641025641,3874,8717948718,4361,02564102564,4109,74358974359,4284,61538461538,1699,1680,211,333,211,197128295898,0,0,0,0,
91,0,439,4103,07692307692,4363,58974358974,5054,35897435897,4861,02564102564,4522,5641025641,4495,38461538462,4157,94871794872,4184,10256410256,4465,64102564103,4389,74358974359,3880,4362,5641025641,4112,30769230769,4286,66666666667,1699,1679,211,342,211,197128295898,0,0,0,0,
92,0,446,4105,12820512821,4362,5641025641,5055,89743589744,4862,5641025641,4524,10256410256,4505,64102564103,4161,02564102564,4185,12820512821,4467,17948717949,4391,28205128205,3881,02564102564,4363,58974358974,4112,30769230769,4283,58974358974,1699,1680,211,348,211,197128295898,0,0,0,0,
93,0,418,4103,07692307692,4360,5053,33333333333,4862,5641025641,4519,48717948718,4497,94871794872,4161,53846153846,4183,07692307692,4469,23076923077,4390,25641025641,3876,41025641026,4362,5641025641,4107,17948717949,4278,97435897436,1698,1680,211,356,211,197128295898,0,0,0,0,
94,0,445,4097,4358974359,4358,97435897436,5051,28205128205,4860,4517,4358974359,4490,25641025641,4161,02564102564,4183,58974358974,4466,15384615385,4385,64102564103,3870,25641025641,4359,48717948718,4103,07692307692,4275,38461538462,1698,1679,211,364,211,197128295898,0,0,0,0,
95,0,439,4089,74358974359,4353,84615384615,5047,69230769231,4855,89743589744,4518,46153846154,4493,84615384615,4163,07692307692,4180,51282051282,4457,94871794872,4380,3863,07692307692,4354,35897435897,4094,8717948718,4270,25641025641,1699,1679,211,372,211,197128295898,0,0,0,0,
96,0,446,4088,20512820513,4350,76923076923,5042,5641025641,4850,76923076923,4513,84615384615,4497,4358974359,4163,58974358974,4180,51282051282,4459,48717948718,4380,3859,48717948718,4351,79487179487,4090,25641025641,4265,12820512821,1698,1680,211,38,211,197128295898,0,0,0,0,
97,0,418,4096,41025641026,4355,89743589744,5046,15384615385,4854,35897435897,4515,38461538462,4497,4358974359,4164,10256410256,4187,17948717949,4471,79487179487,4387,69230769231,3868,71794871795,4357,4358974359,4096,92307692308,4269,74358974359,1699,1678,211,387,211,197128295898,0,0,0,0,
98,0,445,4104,61538461538,4363,07692307692,5051,79487179487,4861,02564102564,4520,51282051282,4494,35897435897,4158,46153846154,4185,12820512821,4473,33333333333,4394,35897435897,3875,89743589744,4363,58974358974,4106,15384615385,4277,94871794872,1698,1679,211,395,211,197128295898,0,0,0,0,
99,0,439,4102,05128205128,4362,5641025641,5048,71794871795,4860,4515,89743589744,4489,74358974359,4152,82051282051,4176,92307692308,4466,66666666667,4394,8717948718,3870,76923076923,4358,97435897436,4108,20512820513,4280,51282051282,1700,1679,211,403,211,197128295898,0,0,0,0,
100,0,446,4099,48717948718,4359,48717948718,5045,12820512821,4859,48717948718,4513,33333333333,4489,23076923077,4154,8717948718,4179,48717948718,4467,69230769231,4389,74358974359,3866,66666666667,4353,33333333333,4104,61538461538,4278,97435897436,1697,1679,211,411,211,197128295898,0,0,0,0,
101,0,418,4105,64102564103,4361,02564102564,5051,28205128205,4860,51282051282,4520,51282051282,4491,79487179487,4154,8717948718,4182,5641025641,4472,30769230769,4388,20512820513,3869,23076923077,4358,97435897436,4104,10256410256,4280,51282051282,1699,1679,211,42,211,197128295898,0,0,0,0,
102,0,445,4108,71794871795,4360,51282051282,5053,84615384615,4862,05128205128,4522,5641025641,4490,76923076923,4153,84615384615,4180,4470,25641025641,4390,76923076923,3871,79487179487,4364,61538461538,4102,5641025641,4285,12820512821,1699,1678,211,428,211,197128295898,0,0,0,0,
103,0,439,4108,20512820513,4361,53846153846,5053,33333333333,4865,64102564103,4520,4491,28205128205,4154,35897435897,4177,94871794872,4466,15384615385,4390,76923076923,3869,23076923077,4359,48717948718,4099,48717948718,4286,66666666667,1699,1680,211,434,211,197128295898,0,0,0,0,
104,0,446,4109,74358974359,4368,71794871795,5058,46153846154,4870,25641025641,4523,58974358974,4490,25641025641,4153,33333333333,4176,92307692308,4465,12820512821,4387,17948717949,3866,66666666667,4357,94871794872,4103,58974358974,4287,17948717949,1698,1679,211,442,211,197128295898,0,0,0,0,
105,0,418,4109,23076923077,4370,25641025641,5057,94871794872,4869,74358974359,4523,58974358974,4488,20512820513,4153,33333333333,4179,48717948718,4468,20512820513,4388,20512820513,3870,76923076923,4360,51282051282,4107,69230769231,4286,66666666667,1699,1680,211,45,211,197128295898,0,0,0,0,
106,0,445,4105,64102564103,4365,12820512821,5052,30769230769,4863,07692307692,4520,51282051282,4495,38461538462,4157,94871794872,4183,58974358974,4472,30769230769,4391,79487179487,3874,35897435898,4360,4103,58974358974,4284,10256410256,1699,1680,211,458,211,197128295898,0,0,0,0,
107,0,439,4106,15384615385,4367,17948717949,5053,33333333333,4865,64102564103,4524,10256410256,4504,61538461538,4161,53846153846,4183,58974358974,4469,74358974359,4397,94871794872,3875,89743589744,4361,02564102564,4107,17948717949,4286,15384615385,1699,1681,211,466,211,197128295898,0,0,0,0,
108,0,446,4103,58974358974,4369,23076923077,5054,35897435897,4871,28205128205,4529,74358974359,4505,12820512821,4159,48717948718,4184,61538461538,4471,28205128205,4401,53846153846,3876,92307692308,4363,58974358974,4114,8717948718,4290,25641025641,1699,1679,211,473,211,197128295898,0,0,0,0,
109,0,418,4099,48717948718,4366,66666666667,5050,76923076923,4868,20512820513,4527,69230769231,4504,61538461538,4162,5641025641,4192,82051282051,4480,4400,51282051282,3874,35897435898,4360,51282051282,4109,74358974359,4287,17948717949,1699,1681,211,481,211,197128295898,0,0,0,0,
110,0,445,4100,51282051282,4366,15384615385,5050,25641025641,4868,71794871795,4521,02564102564,4507,69230769231,4171,79487179487,4199,48717948718,4477,4358974359,4397,4358974359,3868,71794871795,4356,92307692308,4102,5641025641,4284,10256410256,1700,1681,211,489,211,197128295898,0,0,0,0,
111,0,439,4103,07692307692,4363,58974358974,5052,82051282051,4871,79487179487,4519,48717948718,4506,66666666667,4171,28205128205,4201,53846153846,4474,35897435897,4398,46153846154,3868,20512820513,4357,94871794872,4107,17948717949,4283,58974358974,1699,1682,211,497,211,197128295898,0,0,0,0,
112,0,446,4103,07692307692,4361,53846153846,5053,84615384615,4869,74358974359,4526,15384615385,4505,12820512821,4166,15384615385,4202,5641025641,4483,07692307692,4400,51282051282,3874,8717948718,4356,92307692308,4110,25641025641,4284,61538461538,1700,1682,211,505,211,197128295898,0,0,0,0,
113,0,418,4104,10256410256,4367,17948717949,5055,89743589744,4866,15384615385,4530,76923076923,4508,71794871795,4170,25641025641,4200,51282051282,4485,64102564103,4399,48717948718,3877,4358974359,4357,4358974359,4106,66666666667,4285,12820512821,1698,1680,211,514,211,197128295898,0,0,0,0,
114,0,445,4107,69230769231,4371,79487179487,5057,94871794872,4868,71794871795,4525,64102564103,4509,23076923077,4170,76923076923,4193,33333333333,4478,46153846154,4396,41025641026,3873,33333333333,4358,46153846154,4105,64102564103,4286,15384615385,1698,1682,211,52,211,197128295898,0,0,0,0,
115,0,439,4109,23076923077,4369,74358974359,5058,46153846154,4871,79487179487,4525,12820512821,4506,15384615385,4162,05128205128,4186,15384615385,4472,82051282051,4394,35897435897,3869,23076923077,4356,41025641026,4111,28205128205,4288,20512820513,1699,1681,211,528,211,197128295898,0,0,0,0,
116,0,446,4108,71794871795,4366,66666666667,5057,94871794872,4871,28205128205,4530,25641025641,4505,64102564103,4162,05128205128,4184,61538461538,4473,84615384615,4394,8717948718,3872,30769230769,4354,35897435897,4113,84615384615,4286,15384615385,1698,1681,211,537,211,197128295898,0,0,0,0,
117,0,418,4109,74358974359,4366,66666666667,5060,4871,28205128205,4527,17948717949,4506,66666666667,4165,12820512821,4188,71794871795,4474,8717948718,4393,84615384615,3876,41025641026,4355,89743589744,4111,79487179487,4282,5641025641,1698,1680,211,544,211,197128295898,0,0,0,0,
118,0,445,4110,25641025641,4366,15384615385,5064,61538461539,4871,28205128205,4520,4506,66666666667,4163,07692307692,4194,35897435897,4475,89743589744,4394,35897435897,3875,89743589744,4360,4114,8717948718,4284,10256410256,1697,1681,211,552,211,197128295898,0,0,0,0,
119,0,439,4109,74358974359,4362,5641025641,5064,61538461539,4869,74358974359,4520,51282051282,4503,07692307692,4163,58974358974,4192,30769230769,4475,89743589744,4396,92307692308,3878,97435897436,4362,05128205128,4116,41025641026,4288,20512820513,1697,1680,211,559,211,197128295898,0,0,0,0,
120,0,446,4108,71794871795,4358,46153846154,5063,58974358974,4867,69230769231,4521,53846153846,4496,92307692308,4161,02564102564,4189,74358974359,4472,30769230769,4394,35897435897,3880,51282051282,4364,61538461538,4112,30769230769,4288,71794871795,1697,1681,211,567,211,197128295898,0,0,0,0,
121,0,418,4111,28205128205,4360,51282051282,5067,69230769231,4870,76923076923,4518,46153846154,4492,82051282051,4155,38461538462,4191,79487179487,4470,76923076923,4392,30769230769,3877,4358974359,4370,25641025641,4113,84615384615,4291,79487179487,1697,1679,211,575,211,197128295898,0,0,0,0,
122,0,445,4110,25641025641,4362,5641025641,5070,25641025641,4877,94871794872,4516,92307692308,4495,89743589744,4155,38461538462,4193,33333333333,4475,38461538462,4397,4358974359,3881,02564102564,4372,30769230769,4117,94871794872,4291,79487179487,1698,1681,211,583,211,197128295898,0,0,0,0,
123,0,439,4105,12820512821,4360,51282051282,5068,71794871795,4875,38461538462,4516,92307692308,4503,07692307692,4159,48717948718,4195,38461538462,4482,05128205128,4399,48717948718,3887,69230769231,4371,79487179487,4115,89743589744,4286,66666666667,1698,1679,211,591,211,197128295898,0,0,0,0,
124,0,446,4106,15384615385,4365,64102564103,5068,71794871795,4869,74358974359,4521,53846153846,4505,12820512821,4162,05128205128,4195,89743589744,4477,94871794872,4398,97435897436,3887,69230769231,4376,92307692308,4114,35897435897,4292,82051282051,1698,1680,211,6,211,197128295898,0,0,0,0,
125,0,418,4107,69230769231,4370,25641025641,5069,74358974359,4871,28205128205,4524,61538461538,4497,4358974359,4161,02564102564,4185,64102564103,4470,25641025641,4398,46153846154,3884,10256410256,4376,92307692308,4115,38461538462,4297,94871794872,1699,1679,211,606,211,197128295898,0,0,0,0,
126,0,445,4105,12820512821,4365,12820512821,5067,69230769231,4874,35897435897,4518,46153846154,4490,76923076923,4155,38461538462,4176,41025641026,4465,64102564103,4395,89743589744,3884,10256410256,4370,76923076923,4112,30769230769,4291,28205128205,1698,1681,211,615,211,197128295898,0,0,0,0,
127,0,439,4107,17948717949,4363,07692307692,5067,69230769231,4871,79487179487,4514,35897435897,4492,82051282051,4152,30769230769,4183,58974358974,4465,12820512821,4396,41025641026,3887,17948717949,4373,84615384615,4113,33333333333,4294,8717948718,1700,1679,211,622,211,197128295898,0,0,0,0,
128,0,446,4108,71794871795,4367,17948717949,5069,74358974359,4869,23076923077,4518,46153846154,4491,28205128205,4156,41025641026,4186,15384615385,4467,69230769231,4397,94871794872,3890,25641025641,4378,97435897436,4113,33333333333,4300,51282051282,1699,1680,211,63,211,197128295898,0,0,0,0,
0,0,448,4106,15384615385,4367,17948717949,5066,66666666667,4872,30769230769,4522,05128205128,4492,82051282051,4156,41025641026,4181,53846153846,4470,76923076923,4396,41025641026,3891,28205128205,4372,30769230769,4109,23076923077,4294,8717948718,1700,1679,211,638,211,197128295898,0,0,0,0,
1,0,442,4107,69230769231,4369,23076923077,5063,58974358974,4872,30769230769,4523,07692307692,4501,53846153846,4153,84615384615,4188,20512820513,4475,89743589744,4401,53846153846,3893,33333333333,4368,71794871795,4112,30769230769,4294,35897435897,1699,1679,211,645,211,197128295898,0,0,0,0,
2,0,462,4110,25641025641,4370,76923076923,5065,64102564103,4872,82051282051,4527,17948717949,4498,97435897436,4155,89743589744,4198,97435897436,4480,4411,28205128205,3899,48717948718,4374,35897435897,4121,02564102564,4302,05128205128,1700,1680,211,653,211,197128295898,0,0,0,0,
3,0,471,4108,71794871795,4365,12820512821,5062,5641025641,4875,89743589744,4526,66666666667,4489,23076923077,4156,92307692308,4203,07692307692,4482,5641025641,4413,33333333333,3900,51282051282,4370,76923076923,4124,61538461538,4304,10256410256,1699,1678,211,661,211,197128295898,0,0,0,0,
4,0,475,4106,66666666667,4365,64102564103,5059,48717948718,4874,35897435897,4521,02564102564,4491,28205128205,4154,8717948718,4199,48717948718,4482,5641025641,4410,25641025641,3894,8717948718,4364,10256410256,4119,48717948718,4301,53846153846,1699,1680,211,669,211,197128295898,0,0,0,0,
5,0,461,4104,61538461538,4368,71794871795,5063,07692307692,4868,71794871795,4520,51282051282,4494,35897435897,4156,41025641026,4194,35897435897,4480,4412,30769230769,3893,33333333333,4367,17948717949,4120,4300,51282051282,1699,1678,211,677,211,197128295898,0,0,0,0,
6,0,459,4108,20512820513,4366,66666666667,5067,17948717949,4869,74358974359,4526,15384615385,4492,30769230769,4161,53846153846,4192,30769230769,4481,02564102564,4418,97435897436,3897,94871794872,4371,79487179487,4125,12820512821,4303,58974358974,1699,1678,211,685,211,197128295898,0,0,0,0,
7,0,415,4114,35897435897,4365,12820512821,5067,17948717949,4871,28205128205,4528,71794871795,4494,35897435897,4161,02564102564,4198,46153846154,4483,58974358974,4421,53846153846,3901,53846153846,4372,30769230769,4124,61538461538,4309,23076923077,1699,1679,211,692,211,197128295898,0,0,0,0,
8,0,412,4111,79487179487,4364,61538461538,5069,74358974359,4868,20512820513,4524,61538461538,4493,33333333333,4156,92307692308,4201,53846153846,4483,07692307692,4418,46153846154,3902,05128205128,4376,41025641026,4121,53846153846,4307,69230769231,1699,1678,211,7,211,197128295898,0,0,0,0,
9,0,421,4106,66666666667,4362,5641025641,5070,76923076923,4867,69230769231,4521,53846153846,4490,25641025641,4156,92307692308,4197,94871794872,4480,51282051282,4416,92307692308,3895,89743589744,4376,41025641026,4119,48717948718,4300,51282051282,1700,1677,211,708,211,197128295898,0,0,0,0,
10,0,445,4101,02564102564,4357,4358974359,5064,10256410256,4868,20512820513,4518,46153846154,4492,30769230769,4155,89743589744,4194,35897435897,4478,97435897436,4417,4358974359,3890,76923076923,4368,71794871795,4115,89743589744,4298,97435897436,1699,1678,211,716,211,197128295898,0,0,0,0,
11,0,439,4096,92307692308,4355,38461538462,5060,51282051282,4862,05128205128,4516,41025641026,4493,33333333333,4153,33333333333,4198,46153846154,4478,97435897436,4418,46153846154,3895,38461538462,4366,66666666667,4115,38461538462,4299,48717948718,1700,1678,211,724,211,197128295898,0,0,0,0,
12,0,446,4098,97435897436,4357,4358974359,5062,05128205128,4860,4516,41025641026,4489,74358974359,4153,33333333333,4197,94871794872,4479,48717948718,4420,51282051282,3896,41025641026,4366,15384615385,4117,4358974359,4293,33333333333,1698,1677,211,731,211,197128295898,0,0,0,0,
13,0,418,4100,51282051282,4358,46153846154,5062,05128205128,4865,12820512821,4514,8717948718,4488,20512820513,4152,30769230769,4191,28205128205,4481,02564102564,4417,94871794872,3888,20512820513,4362,05128205128,4112,82051282051,4293,84615384615,1698,1677,211,739,211,197128295898,0,0,0,0,
14,0,445,4101,02564102564,4356,41025641026,5058,46153846154,4863,07692307692,4515,38461538462,4491,28205128205,4147,69230769231,4186,15384615385,4477,4358974359,4413,84615384615,3883,58974358974,4360,51282051282,4109,74358974359,4297,94871794872,1699,1677,211,747,211,197128295898,0,0,0,0,
15,0,439,4103,07692307692,4358,46153846154,5056,92307692308,4858,46153846154,4518,46153846154,4490,76923076923,4147,17948717949,4183,07692307692,4472,30769230769,4413,33333333333,3890,25641025641,4361,02564102564,4116,92307692308,4296,92307692308,1699,1679,211,756,211,197128295898,0,0,0,0,
16,0,0,4104,10256410256,4363,58974358974,5059,48717948718,4863,07692307692,4519,48717948718,4491,28205128205,4151,28205128205,4189,23076923077,4476,92307692308,4416,41025641026,3896,41025641026,4361,02564102564,4121,02564102564,4296,92307692308,1699,1677,211,763,211,197128295898,0,0,0,0,
17,0,0,4102,5641025641,4364,61538461538,5056,41025641026,4865,64102564103,4517,94871794872,4500,4154,8717948718,4199,48717948718,4483,07692307692,4418,46153846154,3893,84615384615,4363,07692307692,4116,92307692308,4298,46153846154,1697,1678,211,771,211,197128295898,0,0,0,0,
18,0,0,4102,5641025641,4368,20512820513,5052,82051282051,4862,05128205128,4518,46153846154,4507,17948717949,4156,41025641026,4197,4358974359,4481,53846153846,4420,3891,28205128205,4363,07692307692,4119,48717948718,4296,41025641026,1698,1678,211,778,211,197128295898,0,0,0,0,
19,0,0,4103,07692307692,4368,71794871795,5055,89743589744,4860,51282051282,4520,4504,61538461538,4154,35897435897,4192,30769230769,4482,5641025641,4424,10256410256,3897,4358974359,4363,07692307692,4123,58974358974,4298,46153846154,1697,1678,211,786,211,697555541992,0,0,0,0,
20,0,0,4102,05128205128,4363,07692307692,5058,46153846154,4862,5641025641,4518,97435897436,4502,05128205128,4158,46153846154,4196,92307692308,4487,17948717949,4424,61538461538,3902,05128205128,4367,69230769231,4125,12820512821,4301,53846153846,1697,1679,211,794,211,697555541992,0,0,0,0,
21,0,0,4102,05128205128,4364,10256410256,5060,4865,64102564103,4520,4506,66666666667,4164,61538461538,4200,4483,07692307692,4421,53846153846,3898,46153846154,4366,66666666667,4125,64102564103,4297,94871794872,1697,1680,211,802,211,697555541992,0,0,0,0,
22,0,0,4102,5641025641,4369,74358974359,5065,64102564103,4870,76923076923,4522,05128205128,4508,20512820513,4160,4197,94871794872,4482,05128205128,4418,46153846154,3894,8717948718,4363,07692307692,4123,07692307692,4297,94871794872,1698,1680,211,811,211,697555541992,0,0,0,0,
23,0,0,4105,12820512821,4367,69230769231,5067,69230769231,4876,41025641026,4524,10256410256,4506,15384615385,4158,97435897436,4203,07692307692,4488,71794871795,4418,97435897436,3895,38461538462,4366,15384615385,4121,53846153846,4300,1697,1680,211,818,211,697555541992,0,0,0,0,
24,0,0,4108,20512820513,4365,64102564103,5064,61538461539,4878,46153846154,4527,17948717949,4508,20512820513,4163,58974358974,4206,15384615385,4483,58974358974,4417,94871794872,3898,46153846154,4367,69230769231,4124,61538461538,4299,48717948718,1698,1681,211,825,211,697555541992,0,0,0,0,
25,0,0,4104,61538461538,4368,71794871795,5062,5641025641,4870,76923076923,4530,25641025641,4511,79487179487,4162,05128205128,4192,82051282051,4474,35897435897,4412,30769230769,3896,92307692308,4363,07692307692,4121,53846153846,4297,4358974359,1698,1679,211,833,211,697555541992,0,0,0,0,
26,0,0,4095,89743589744,4366,15384615385,5061,02564102564,4864,10256410256,4527,69230769231,4509,74358974359,4157,4358974359,4184,10256410256,4476,41025641026,4407,17948717949,3887,17948717949,4357,4358974359,4110,76923076923,4290,25641025641,1698,1681,211,841,211,697555541992,0,0,0,0,
27,0,0,4094,35897435898,4361,02564102564,5060,4865,64102564103,4520,51282051282,4506,15384615385,4158,46153846154,4195,38461538462,4476,92307692308,4408,20512820513,3884,61538461539,4356,92307692308,4106,66666666667,4284,10256410256,1699,1679,211,849,211,697555541992,0,0,0,0,
28,0,0,4098,97435897436,4362,5641025641,5062,05128205128,4865,64102564103,4518,46153846154,4507,17948717949,4157,4358974359,4198,46153846154,4474,35897435897,4408,71794871795,3886,15384615385,4357,4358974359,4106,66666666667,4286,15384615385,1698,1680,211,857,211,697555541992,0,0,0,0,
29,0,0,4101,02564102564,4365,12820512821,5064,10256410256,4866,15384615385,4524,61538461538,4509,23076923077,4156,41025641026,4190,76923076923,4475,38461538462,4407,17948717949,3886,66666666667,4360,4109,74358974359,4291,28205128205,1700,1680,211,865,211,697555541992,0,0,0,0,
30,0,0,4102,05128205128,4363,58974358974,5065,12820512821,4870,76923076923,4529,23076923077,4508,71794871795,4157,94871794872,4193,84615384615,4476,92307692308,4410,76923076923,3892,30769230769,4367,69230769231,4116,41025641026,4292,82051282051,1699,1680,211,872,211,697555541992,0,0,0,0,
31,0,0,4102,5641025641,4362,05128205128,5066,15384615385,4869,74358974359,4528,71794871795,4507,69230769231,4153,84615384615,4196,92307692308,4477,94871794872,4415,89743589744,3896,92307692308,4371,28205128205,4115,38461538462,4290,76923076923,1700,1681,211,88,211,697555541992,0,0,0,0,
32,0,0,4100,51282051282,4363,07692307692,5064,10256410256,4867,17948717949,4525,12820512821,4507,17948717949,4152,82051282051,4188,20512820513,4475,89743589744,4411,79487179487,3891,28205128205,4366,15384615385,4110,25641025641,4288,71794871795,1699,1680,211,889,211,697555541992,0,0,0,0,
33,0,0,4097,94871794872,4364,10256410256,5058,97435897436,4868,71794871795,4523,58974358974,4507,17948717949,4155,38461538462,4185,12820512821,4472,30769230769,4409,74358974359,3890,25641025641,4365,64102564103,4111,79487179487,4291,28205128205,1700,1680,211,896,211,697555541992,0,0,0,0,
34,0,0,4099,48717948718,4365,12820512821,5060,4870,25641025641,4527,69230769231,4507,17948717949,4150,25641025641,4187,17948717949,4472,30769230769,4414,35897435897,3898,46153846154,4370,25641025641,4118,46153846154,4295,38461538462,1700,1680,211,904,211,697555541992,0,0,0,0,
35,0,0,4102,05128205128,4363,58974358974,5061,53846153846,4871,28205128205,4532,30769230769,4506,15384615385,4146,15384615385,4185,64102564103,4471,28205128205,4411,79487179487,3897,4358974359,4366,15384615385,4116,92307692308,4291,28205128205,1700,1680,211,911,211,697555541992,0,0,0,0,
36,0,0,4104,10256410256,4362,05128205128,5058,46153846154,4874,8717948718,4528,71794871795,4506,15384615385,4149,74358974359,4186,15384615385,4465,64102564103,4404,61538461538,3889,74358974359,4358,97435897436,4109,74358974359,4284,10256410256,1700,1680,211,919,211,697555541992,0,0,0,0,
37,0,0,4106,15384615385,4366,66666666667,5059,48717948718,4877,94871794872,4523,58974358974,4507,69230769231,4152,30769230769,4184,61538461538,4466,15384615385,4405,64102564103,3889,74358974359,4364,10256410256,4110,25641025641,4286,15384615385,1700,1681,211,927,211,697555541992,0,0,0,0,
38,0,0,4105,64102564103,4369,74358974359,5059,48717948718,4873,33333333333,4525,12820512821,4507,17948717949,4149,74358974359,4181,53846153846,4470,76923076923,4412,30769230769,3894,8717948718,4366,66666666667,4113,84615384615,4289,74358974359,1701,1680,211,935,211,697555541992,0,0,0,0,
39,0,0,4104,10256410256,4365,12820512821,5053,84615384615,4864,10256410256,4526,66666666667,4505,64102564103,4149,23076923077,4185,64102564103,4470,25641025641,4415,38461538462,3895,89743589744,4358,46153846154,4116,41025641026,4285,12820512821,1699,1681,211,943,211,697555541992,0,0,0,0,
40,0,0,4103,58974358974,4363,58974358974,5050,25641025641,4862,5641025641,4525,12820512821,4506,15384615385,4150,25641025641,4188,71794871795,4472,82051282051,4414,8717948718,3894,35897435898,4355,38461538462,4115,89743589744,4281,02564102564,1699,1682,211,95,211,697555541992,0,0,0,0,
41,0,0,4100,4364,61538461538,5051,79487179487,4867,17948717949,4526,15384615385,4506,15384615385,4150,76923076923,4180,51282051282,4471,79487179487,4413,84615384615,3889,74358974359,4353,33333333333,4111,79487179487,4283,07692307692,1698,1681,211,958,211,697555541992,0,0,0,0,
42,0,0,4091,79487179487,4360,51282051282,5050,25641025641,4861,53846153846,4524,10256410256,4506,15384615385,4149,74358974359,4174,35897435897,4464,61538461538,4408,20512820513,3886,66666666667,4349,23076923077,4107,69230769231,4281,02564102564,1698,1681,211,966,211,697555541992,0,0,0,0,
43,0,0,4090,76923076923,4357,94871794872,5046,66666666667,4854,8717948718,4521,02564102564,4506,66666666667,4145,64102564103,4181,53846153846,4462,5641025641,4406,66666666667,3888,71794871795,4350,76923076923,4112,30769230769,4277,4358974359,1698,1680,211,974,211,697555541992,0,0,0,0,
44,0,0,4095,89743589744,4363,07692307692,5048,20512820513,4861,02564102564,4527,17948717949,4506,66666666667,4148,20512820513,4184,10256410256,4467,69230769231,4413,84615384615,3889,23076923077,4350,25641025641,4116,41025641026,4280,51282051282,1698,1680,211,982,211,697555541992,0,0,0,0,
45,0,0,4094,35897435898,4363,07692307692,5051,79487179487,4867,17948717949,4533,33333333333,4507,69230769231,4155,89743589744,4188,20512820513,4472,82051282051,4417,94871794872,3887,17948717949,4347,17948717949,4109,74358974359,4280,1697,1680,211,99,211,697555541992,0,0,0,0,
46,0,0,4090,76923076923,4357,94871794872,5050,25641025641,4861,02564102564,4528,20512820513,4508,71794871795,4153,84615384615,4200,4479,48717948718,4416,41025641026,3883,07692307692,4349,23076923077,4104,61538461538,4277,4358974359,1697,1681,211,997,211,697555541992,0,0,0,0,
47,0,0,4090,25641025641,4357,94871794872,5047,17948717949,4854,8717948718,4524,10256410256,4508,71794871795,4151,79487179487,4196,41025641026,4478,46153846154,4415,38461538462,3884,10256410256,4349,74358974359,4109,23076923077,4277,94871794872,1697,1680,212,006,211,697555541992,0,0,0,0,
48,0,0,4090,76923076923,4360,51282051282,5046,66666666667,4859,48717948718,4529,74358974359,4508,20512820513,4154,35897435897,4183,58974358974,4470,76923076923,4416,41025641026,3889,23076923077,4347,69230769231,4115,38461538462,4278,46153846154,1698,1680,212,014,211,697555541992,0,0,0,0,
49,0,0,4091,79487179487,4362,05128205128,5044,61538461539,4863,58974358974,4530,76923076923,4507,17948717949,4152,82051282051,4184,10256410256,4471,79487179487,4417,4358974359,3890,25641025641,4349,23076923077,4114,8717948718,4278,97435897436,1698,1680,212,021,211,697555541992,0,0,0,0,
50,0,0,4092,30769230769,4358,97435897436,5042,5641025641,4859,48717948718,4521,53846153846,4506,66666666667,4151,28205128205,4187,69230769231,4472,82051282051,4415,89743589744,3887,17948717949,4348,20512820513,4112,30769230769,4278,46153846154,1698,1680,212,029,211,697555541992,0,0,0,0,
51,0,0,4091,28205128205,4354,8717948718,5044,10256410256,4854,8717948718,4519,48717948718,4508,20512820513,4155,38461538462,4184,10256410256,4470,76923076923,4413,84615384615,3885,64102564103,4344,61538461538,4112,82051282051,4276,92307692308,1699,1680,212,036,211,697555541992,0,0,0,0,
52,0,0,4089,74358974359,4357,94871794872,5046,66666666667,4856,41025641026,4525,64102564103,4508,20512820513,4153,84615384615,4188,71794871795,4475,38461538462,4418,97435897436,3890,25641025641,4347,17948717949,4115,89743589744,4278,46153846154,1698,1680,212,044,211,697555541992,0,0,0,0,
53,0,0,4089,74358974359,4360,5045,12820512821,4855,89743589744,4522,5641025641,4506,66666666667,4154,35897435897,4197,94871794872,4478,46153846154,4422,05128205128,3889,23076923077,4352,82051282051,4116,41025641026,4281,02564102564,1698,1679,212,052,211,697555541992,0,0,0,0,
54,0,0,4091,79487179487,4356,41025641026,5044,10256410256,4850,76923076923,4517,94871794872,4507,17948717949,4162,5641025641,4202,5641025641,4477,4358974359,4417,94871794872,3885,64102564103,4351,28205128205,4111,28205128205,4277,94871794872,1699,1680,212,06,211,697555541992,0,0,0,0,
55,0,0,4093,33333333333,4355,89743589744,5047,17948717949,4853,33333333333,4522,05128205128,4508,71794871795,4161,53846153846,4202,5641025641,4482,05128205128,4420,51282051282,3887,17948717949,4350,76923076923,4112,30769230769,4276,41025641026,1700,1678,212,068,211,697555541992,0,0,0,0,
56,0,0,4090,25641025641,4355,89743589744,5048,20512820513,4855,38461538462,4521,02564102564,4508,20512820513,4153,84615384615,4199,48717948718,4485,64102564103,4423,07692307692,3889,23076923077,4353,84615384615,4118,46153846154,4278,46153846154,1698,1679,212,076,211,697555541992,0,0,0,0,
57,0,0,4087,69230769231,4351,79487179487,5043,58974358974,4850,25641025641,4515,38461538462,4506,66666666667,4155,89743589744,4202,05128205128,4480,4415,38461538462,3885,64102564103,4347,17948717949,4112,30769230769,4271,79487179487,1700,1678,212,083,211,697555541992,0,0,0,0,
58,0,0,4088,71794871795,4350,76923076923,5039,48717948718,4847,69230769231,4515,38461538462,4506,15384615385,4159,48717948718,4200,51282051282,4471,79487179487,4406,66666666667,3873,84615384615,4337,4358974359,4098,46153846154,4261,53846153846,1698,1679,212,091,211,697555541992,0,0,0,0,
59,0,0,4088,20512820513,4353,84615384615,5041,53846153846,4849,23076923077,4516,41025641026,4507,17948717949,4155,89743589744,4190,76923076923,4466,15384615385,4402,05128205128,3867,17948717949,4335,38461538462,4094,8717948718,4262,5641025641,1699,1679,212,099,212,010314941406,0,0,0,0,
60,0,0,4087,17948717949,4352,30769230769,5040,4851,79487179487,4516,41025641026,4507,17948717949,4153,84615384615,4186,66666666667,4462,05128205128,4395,89743589744,3868,71794871795,4336,41025641026,4098,46153846154,4265,64102564103,1698,1678,212,107,212,010314941406,0,0,0,0,
61,0,0,4090,76923076923,4352,30769230769,5037,4358974359,4853,33333333333,4516,92307692308,4506,66666666667,4155,38461538462,4187,69230769231,4458,97435897436,4391,79487179487,3869,74358974359,4333,84615384615,4097,4358974359,4262,05128205128,1699,1679,212,116,212,010314941406,0,0,0,0,
62,0,0,4092,82051282051,4354,8717948718,5039,48717948718,4852,82051282051,4514,35897435897,4505,12820512821,4153,33333333333,4186,66666666667,4460,4394,8717948718,3866,15384615385,4332,82051282051,4097,94871794872,4263,58974358974,1699,1678,212,122,212,010314941406,0,0,0,0,
63,0,0,4091,28205128205,4354,8717948718,5040,51282051282,4855,38461538462,4514,8717948718,4504,10256410256,4153,33333333333,4183,58974358974,4460,51282051282,4394,35897435897,3863,58974358974,4335,38461538462,4098,46153846154,4268,20512820513,1700,1679,212,131,212,010314941406,0,0,0,0,
64,0,448,4089,74358974359,4352,30769230769,5040,4859,48717948718,4515,89743589744,4507,69230769231,4151,79487179487,4176,41025641026,4457,4358974359,4390,25641025641,3866,66666666667,4335,38461538462,4097,94871794872,4267,69230769231,1699,1678,212,138,212,010314941406,0,0,0,0,
65,0,442,4088,71794871795,4348,20512820513,5039,48717948718,4852,30769230769,4512,82051282051,4506,15384615385,4146,15384615385,4171,28205128205,4454,8717948718,4387,69230769231,3865,64102564103,4335,89743589744,4096,41025641026,4264,61538461538,1699,1679,212,146,212,010314941406,0,0,0,0,
66,0,462,4086,15384615385,4344,61538461538,5032,82051282051,4842,05128205128,4509,74358974359,4494,35897435897,4140,51282051282,4170,76923076923,4451,79487179487,4383,58974358974,3859,48717948718,4333,84615384615,4091,79487179487,4258,97435897436,1700,1678,212,154,212,010314941406,0,0,0,0,
67,0,471,4086,66666666667,4345,64102564103,5032,82051282051,4845,64102564103,4510,25641025641,4492,30769230769,4138,97435897436,4175,89743589744,4451,79487179487,4381,53846153846,3861,02564102564,4336,41025641026,4091,79487179487,4259,48717948718,1699,1679,212,162,212,010314941406,0,0,0,0,
68,0,475,4091,79487179487,4348,71794871795,5043,58974358974,4853,33333333333,4509,74358974359,4504,61538461538,4140,4183,58974358974,4457,94871794872,4387,69230769231,3868,20512820513,4344,61538461538,4098,97435897436,4272,30769230769,1700,1677,212,169,212,010314941406,0,0,0,0,
69,0,461,4094,8717948718,4348,71794871795,5046,15384615385,4852,82051282051,4510,76923076923,4507,69230769231,4145,64102564103,4182,5641025641,4460,51282051282,4389,74358974359,3869,23076923077,4347,17948717949,4100,51282051282,4276,41025641026,1698,1678,212,177,212,010314941406,0,0,0,0,
70,0,459,4093,84615384615,4347,69230769231,5043,07692307692,4847,69230769231,4510,25641025641,4502,5641025641,4147,69230769231,4177,94871794872,4453,84615384615,4385,64102564103,3864,61538461539,4345,12820512821,4094,8717948718,4268,71794871795,1700,1678,212,185,212,010314941406,0,0,0,0,
71,0,415,4089,74358974359,4345,64102564103,5043,07692307692,4844,10256410256,4505,12820512821,4505,12820512821,4145,64102564103,4176,41025641026,4452,30769230769,4387,17948717949,3861,02564102564,4345,12820512821,4093,84615384615,4266,66666666667,1699,1677,212,193,212,010314941406,0,0,0,0,
72,0,412,4088,71794871795,4345,64102564103,5040,51282051282,4845,12820512821,4506,66666666667,4508,71794871795,4145,64102564103,4172,30769230769,4458,97435897436,4392,82051282051,3864,10256410256,4345,12820512821,4098,97435897436,4269,74358974359,1699,1679,212,201,212,010314941406,0,0,0,0,
73,0,421,4096,41025641026,4349,23076923077,5040,4848,71794871795,4514,8717948718,4506,66666666667,4145,64102564103,4172,82051282051,4462,05128205128,4398,97435897436,3874,8717948718,4347,17948717949,4100,51282051282,4273,33333333333,1699,1677,212,209,212,010314941406,0,0,0,0,
74,0,445,4099,48717948718,4353,84615384615,5047,17948717949,4850,25641025641,4516,41025641026,4506,66666666667,4149,23076923077,4185,12820512821,4461,53846153846,4406,66666666667,3877,94871794872,4349,74358974359,4106,66666666667,4278,97435897436,1698,1678,212,216,212,010314941406,0,0,0,0,
75,0,439,4092,82051282051,4356,41025641026,5047,17948717949,4849,23076923077,4513,84615384615,4506,66666666667,4148,71794871795,4188,20512820513,4464,10256410256,4408,20512820513,3868,71794871795,4346,15384615385,4110,25641025641,4280,1699,1678,212,224,212,010314941406,0,0,0,0,
76,0,446,4092,82051282051,4353,84615384615,5039,48717948718,4846,66666666667,4511,79487179487,4506,66666666667,4143,07692307692,4181,02564102564,4464,61538461538,4401,53846153846,3865,64102564103,4339,48717948718,4104,10256410256,4275,38461538462,1698,1679,212,232,212,010314941406,0,0,0,0,
77,0,418,4101,53846153846,4354,35897435897,5042,05128205128,4849,74358974359,4511,28205128205,4506,66666666667,4143,07692307692,4185,12820512821,4463,07692307692,4401,02564102564,3869,74358974359,4340,51282051282,4103,58974358974,4276,41025641026,1698,1678,212,24,212,010314941406,0,0,0,0,
78,0,445,4104,10256410256,4358,46153846154,5049,23076923077,4855,89743589744,4512,30769230769,4506,15384615385,4145,64102564103,4189,23076923077,4465,12820512821,4407,69230769231,3872,82051282051,4345,64102564103,4109,74358974359,4281,53846153846,1698,1679,212,248,212,010314941406,0,0,0,0,
79,0,439,4103,07692307692,4362,5641025641,5052,30769230769,4860,51282051282,4514,35897435897,4506,15384615385,4142,5641025641,4185,12820512821,4470,25641025641,4412,30769230769,3876,41025641026,4349,74358974359,4112,82051282051,4286,66666666667,1698,1679,212,255,212,010314941406,0,0,0,0,
80,0,446,4112,82051282051,4369,23076923077,5058,46153846154,4862,05128205128,4517,4358974359,4509,23076923077,4146,15384615385,4186,66666666667,4474,8717948718,4413,33333333333,3883,58974358974,4353,33333333333,4114,35897435897,4292,82051282051,1697,1679,212,263,212,010314941406,0,0,0,0,
81,0,418,4120,4371,28205128205,5063,58974358974,4860,51282051282,4518,97435897436,4507,69230769231,4154,35897435897,4189,23076923077,4471,79487179487,4411,28205128205,3885,64102564103,4357,4358974359,4117,94871794872,4294,35897435897,1699,1679,212,271,212,010314941406,0,0,0,0,
82,0,445,4112,30769230769,4365,12820512821,5061,02564102564,4860,51282051282,4516,41025641026,4507,69230769231,4152,30769230769,4187,17948717949,4465,12820512821,4411,28205128205,3882,5641025641,4356,92307692308,4117,94871794872,4292,30769230769,1698,1678,212,279,212,010314941406,0,0,0,0,
83,0,439,4109,23076923077,4360,5061,02564102564,4858,97435897436,4514,8717948718,4515,89743589744,4151,28205128205,4190,76923076923,4468,71794871795,4411,28205128205,3884,61538461539,4354,8717948718,4116,41025641026,4295,38461538462,1698,1680,212,287,212,197982788086,0,0,0,0,
84,0,446,4115,38461538462,4364,61538461538,5065,64102564103,4858,97435897436,4515,89743589744,4515,89743589744,4151,28205128205,4195,38461538462,4472,30769230769,4407,69230769231,3888,20512820513,4357,4358974359,4118,97435897436,4298,46153846154,1700,1679,212,296,212,197982788086,0,0,0,0,
85,0,418,4114,8717948718,4369,74358974359,5064,10256410256,4863,07692307692,4516,92307692308,4508,20512820513,4149,23076923077,4187,69230769231,4466,66666666667,4403,07692307692,3884,61538461539,4355,89743589744,4117,94871794872,4292,30769230769,1698,1679,212,302,212,197982788086,0,0,0,0,
86,0,445,4106,15384615385,4364,10256410256,5056,41025641026,4858,97435897436,4513,84615384615,4513,33333333333,4153,33333333333,4182,5641025641,4459,48717948718,4396,92307692308,3876,41025641026,4346,66666666667,4106,66666666667,4287,17948717949,1699,1679,212,31,212,197982788086,0,0,0,0,
87,0,439,4102,5641025641,4352,82051282051,5054,35897435897,4849,23076923077,4510,25641025641,4521,02564102564,4154,8717948718,4187,69230769231,4460,51282051282,4392,82051282051,3874,8717948718,4344,10256410256,4100,51282051282,4286,15384615385,1698,1679,212,318,212,197982788086,0,0,0,0,
88,0,446,4107,17948717949,4352,82051282051,5061,02564102564,4851,28205128205,4510,25641025641,4515,38461538462,4153,33333333333,4185,12820512821,4462,05128205128,4397,94871794872,3879,48717948718,4350,76923076923,4111,28205128205,4287,69230769231,1700,1679,212,326,212,197982788086,0,0,0,0,
89,0,418,4115,38461538462,4362,05128205128,5067,17948717949,4859,48717948718,4510,76923076923,4509,74358974359,4154,35897435897,4181,53846153846,4463,07692307692,4405,64102564103,3885,64102564103,4358,97435897436,4118,46153846154,4292,30769230769,1699,1679,212,334,212,197982788086,0,0,0,0,
90,0,445,4121,02564102564,4362,05128205128,5068,71794871795,4862,5641025641,4512,82051282051,4509,74358974359,4154,35897435897,4189,74358974359,4470,25641025641,4410,25641025641,3889,74358974359,4358,46153846154,4116,92307692308,4296,92307692308,1700,1678,212,341,212,197982788086,0,0,0,0,
91,0,439,4120,4358,97435897436,5067,69230769231,4858,97435897436,4513,84615384615,4509,23076923077,4152,82051282051,4188,20512820513,4472,82051282051,4410,76923076923,3890,25641025641,4352,30769230769,4118,46153846154,4294,8717948718,1699,1678,212,349,212,197982788086,0,0,0,0,
92,0,446,4119,48717948718,4363,58974358974,5067,17948717949,4859,48717948718,4510,76923076923,4510,76923076923,4153,84615384615,4181,02564102564,4466,15384615385,4407,17948717949,3887,17948717949,4351,79487179487,4118,46153846154,4291,28205128205,1700,1679,212,357,212,197982788086,0,0,0,0,
93,0,418,4121,02564102564,4364,61538461538,5068,20512820513,4868,71794871795,4511,28205128205,4510,76923076923,4153,84615384615,4185,64102564103,4464,10256410256,4406,66666666667,3883,07692307692,4357,94871794872,4116,92307692308,4289,23076923077,1699,1677,212,365,212,197982788086,0,0,0,0,
94,0,445,4116,41025641026,4361,53846153846,5067,17948717949,4869,23076923077,4515,38461538462,4507,69230769231,4149,74358974359,4185,12820512821,4467,17948717949,4409,23076923077,3880,4354,8717948718,4115,89743589744,4284,61538461538,1698,1679,212,373,212,197982788086,0,0,0,0,
