COUNTER;INTERPOLATED;RAW_CQ;AF3;F7;F3;FC5;T7;P7;O1;O2;P8;T8;FC6;F4;F8;AF4;GYROX;GYROY;TIMESTAMP;ES_TIMESTAMP;FUNC_ID;FUNC_VALUE;MARKER;SYNC_SIGNAL
60;0;0;4135.38461538462;4371.79487179487;5096.92307692308;4845.64102564103;4558.97435897436;4551.28205128205;4231.79487179487;4246.66666666667;4486.66666666667;4433.33333333333;3847.69230769231;4394.35897435897;4117.94871794872;4299.48717948718;1699;1681;305.085;304.910461425781;0;0;0;0;
61;0;0;4126.15384615385;4363.58974358974;5094.35897435897;4845.12820512821;4554.8717948718;4561.53846153846;4230.76923076923;4249.23076923077;4482.05128205128;4430.25641025641;3846.66666666667;4392.82051282051;4111.28205128205;4296.41025641026;1700;1681;305.093;304.910461425781;0;0;0;0;
62;0;0;4121.02564102564;4360.51282051282;5089.74358974359;4844.10256410256;4560;4550.25641025641;4235.89743589744;4247.69230769231;4484.10256410256;4437.4358974359;3853.84615384615;4393.33333333333;4115.38461538462;4297.4358974359;1699;1681;305.101;304.910461425781;0;0;0;0;
63;0;0;4122.05128205128;4364.61538461538;5088.20512820513;4834.35897435897;4561.53846153846;4533.84615384615;4236.92307692308;4245.64102564103;4491.79487179487;4442.05128205128;3856.41025641026;4390.25641025641;4119.48717948718;4296.92307692308;1700;1682;305.109;304.910461425781;0;0;0;0;
64;0;421;4125.12820512821;4367.69230769231;5087.17948717949;4828.20512820513;4561.53846153846;4539.48717948718;4238.97435897436;4253.33333333333;4488.20512820513;4435.38461538462;3850.76923076923;4388.71794871795;4114.35897435897;4295.38461538462;1699;1681;305.116;305.035583496094;0;0;0;0;
65;0;433;4120.51282051282;4363.07692307692;5085.64102564103;4830.25641025641;4564.61538461538;4556.92307692308;4248.20512820513;4255.89743589744;4484.61538461538;4434.8717948718;3846.15384615385;4389.74358974359;4110.25641025641;4293.33333333333;1698;1682;305.124;305.035583496094;0;0;0;0;
66;0;463;4121.53846153846;4365.64102564103;5089.23076923077;4832.30769230769;4570.25641025641;4558.46153846154;4247.69230769231;4249.23076923077;4491.28205128205;4444.10256410256;3849.74358974359;4390.25641025641;4115.89743589744;4294.8717948718;1699;1681;305.132;305.035583496094;0;0;0;0;
67;0;479;4131.28205128205;4371.28205128205;5089.74358974359;4836.41025641026;4569.23076923077;4540;4236.41025641026;4252.82051282051;4493.33333333333;4445.64102564103;3855.38461538462;4390.25641025641;4125.12820512821;4297.94871794872;1697;1681;305.14;305.035583496094;0;0;0;0;
68;0;470;4124.61538461538;4356.92307692308;5086.66666666667;4833.84615384615;4558.97435897436;4523.07692307692;4233.84615384615;4262.05128205128;4488.71794871795;4442.5641025641;3853.33333333333;4389.74358974359;4119.48717948718;4294.8717948718;1697;1681;305.148;305.035583496094;0;0;0;0;
69;0;472;4116.92307692308;4348.20512820513;5086.66666666667;4824.10256410256;4556.41025641026;4518.46153846154;4237.4358974359;4264.10256410256;4491.28205128205;4446.15384615385;3852.82051282051;4392.30769230769;4109.74358974359;4291.79487179487;1696;1681;305.155;305.035583496094;0;0;0;0;
70;0;485;4128.20512820513;4369.23076923077;5087.69230769231;4825.12820512821;4566.66666666667;4522.05128205128;4233.84615384615;4265.64102564103;4492.82051282051;4446.15384615385;3856.41025641026;4397.4358974359;4113.33333333333;4298.97435897436;1696;1681;305.163;305.035583496094;0;0;0;0;
71;0;425;4141.53846153846;4390.76923076923;5088.20512820513;4831.28205128205;4572.30769230769;4522.5641025641;4233.33333333333;4259.48717948718;4486.15384615385;4434.35897435897;3851.79487179487;4400;4113.33333333333;4306.15384615385;1696;1681;305.171;305.035583496094;0;0;0;0;
72;0;398;4148.20512820513;4398.46153846154;5095.38461538462;4829.74358974359;4568.20512820513;4521.53846153846;4234.8717948718;4246.15384615385;4485.64102564103;4430.76923076923;3848.20512820513;4401.02564102564;4101.53846153846;4309.74358974359;1696;1681;305.179;305.035583496094;0;0;0;0;
73;0;422;4154.8717948718;4407.69230769231;5101.53846153846;4829.74358974359;4565.64102564103;4525.64102564103;4231.79487179487;4247.69230769231;4486.66666666667;4440;3855.38461538462;4406.15384615385;4102.05128205128;4315.89743589744;1696;1680;305.187;305.035583496094;0;0;0;0;
74;0;457;4157.4358974359;4411.79487179487;5096.92307692308;4831.28205128205;4567.69230769231;4541.02564102564;4241.53846153846;4248.20512820513;4483.07692307692;4437.94871794872;3855.89743589744;4407.17948717949;4111.28205128205;4320.51282051282;1696;1681;305.195;305.035583496094;0;0;0;0;
75;0;440;4159.48717948718;4407.69230769231;5094.8717948718;4828.71794871795;4567.69230769231;4553.33333333333;4253.84615384615;4237.94871794872;4483.07692307692;4428.71794871795;3849.23076923077;4401.53846153846;4104.10256410256;4320.51282051282;1696;1681;305.202;305.035583496094;0;0;0;0;
76;0;450;4164.61538461538;4405.12820512821;5102.5641025641;4828.20512820513;4561.53846153846;4546.15384615385;4242.05128205128;4244.61538461538;4483.07692307692;4429.74358974359;3849.23076923077;4403.58974358974;4092.82051282051;4318.97435897436;1697;1681;305.21;305.035583496094;0;0;0;0;
77;0;399;4164.61538461538;4401.53846153846;5104.10256410256;4829.23076923077;4558.46153846154;4533.33333333333;4228.71794871795;4248.71794871795;4481.53846153846;4433.33333333333;3850.25641025641;4409.23076923077;4094.35897435898;4316.92307692308;1697;1681;305.218;305.035583496094;0;0;0;0;
78;0;457;4164.61538461538;4398.46153846154;5099.48717948718;4828.71794871795;4564.61538461538;4530.76923076923;4238.46153846154;4222.05128205128;4482.05128205128;4427.69230769231;3853.84615384615;4410.25641025641;4102.5641025641;4319.48717948718;1698;1681;305.226;305.035583496094;0;0;0;0;
79;0;440;4169.23076923077;4402.05128205128;5104.61538461539;4829.74358974359;4565.64102564103;4537.94871794872;4243.58974358974;4207.17948717949;4483.07692307692;4426.15384615385;3864.10256410256;4410.76923076923;4104.61538461538;4329.23076923077;1698;1681;305.234;305.035583496094;0;0;0;0;
80;0;450;4170.25641025641;4406.15384615385;5108.20512820513;4832.30769230769;4562.5641025641;4538.46153846154;4232.82051282051;4217.94871794872;4485.12820512821;4434.8717948718;3864.61538461539;4412.82051282051;4103.07692307692;4333.84615384615;1698;1681;305.241;305.160675048828;0;0;0;0;
81;0;399;4166.15384615385;4408.71794871795;5102.5641025641;4831.28205128205;4567.17948717949;4527.69230769231;4229.23076923077;4218.97435897436;4488.20512820513;4438.97435897436;3861.53846153846;4414.8717948718;4107.69230769231;4330.25641025641;1697;1681;305.249;305.160675048828;0;0;0;0;
82;0;457;4162.05128205128;4409.23076923077;5102.05128205128;4829.23076923077;4568.71794871795;4520;4233.33333333333;4222.05128205128;4488.71794871795;4435.89743589744;3863.58974358974;4414.35897435897;4109.23076923077;4326.66666666667;1698;1681;305.257;305.160675048828;0;0;0;0;
83;0;440;4157.4358974359;4401.53846153846;5098.46153846154;4827.17948717949;4565.12820512821;4517.4358974359;4233.33333333333;4228.20512820513;4485.64102564103;4429.74358974359;3857.94871794872;4407.17948717949;4103.07692307692;4320;1698;1681;305.265;305.160675048828;0;0;0;0;
84;0;450;4156.41025641026;4396.92307692308;5092.30769230769;4828.20512820513;4568.20512820513;4515.89743589744;4233.84615384615;4225.12820512821;4489.74358974359;4431.28205128205;3850.25641025641;4404.10256410256;4103.58974358974;4314.8717948718;1698;1682;305.273;305.160675048828;0;0;0;0;
85;0;399;4161.02564102564;4404.10256410256;5094.35897435897;4832.82051282051;4571.28205128205;4511.28205128205;4242.5641025641;4233.33333333333;4492.30769230769;4440.51282051282;3856.41025641026;4406.66666666667;4107.17948717949;4312.82051282051;1699;1681;305.281;305.160675048828;0;0;0;0;
86;0;457;4159.48717948718;4408.71794871795;5092.82051282051;4827.69230769231;4568.71794871795;4502.05128205128;4246.15384615385;4244.61538461538;4490.76923076923;4440;3860.51282051282;4402.5641025641;4103.58974358974;4311.28205128205;1697;1682;305.288;305.160675048828;0;0;0;0;
87;0;440;4153.84615384615;4400;5088.20512820513;4819.48717948718;4568.20512820513;4490.76923076923;4240.51282051282;4238.46153846154;4489.74358974359;4431.28205128205;3855.89743589744;4396.41025641026;4101.53846153846;4312.30769230769;1698;1682;305.296;305.160675048828;0;0;0;0;
88;0;450;4155.89743589744;4394.35897435897;5092.30769230769;4823.07692307692;4567.17948717949;4486.15384615385;4237.4358974359;4229.74358974359;4485.64102564103;4429.74358974359;3852.82051282051;4398.46153846154;4103.07692307692;4314.35897435897;1697;1681;305.304;305.160675048828;0;0;0;0;
89;0;399;4160;4398.46153846154;5092.82051282051;4824.61538461539;4563.07692307692;4489.23076923077;4237.4358974359;4227.69230769231;4479.48717948718;4432.30769230769;3851.28205128205;4403.58974358974;4101.53846153846;4311.79487179487;1698;1681;305.312;305.160675048828;0;0;0;0;
90;0;457;4154.8717948718;4397.94871794872;5090.25641025641;4818.46153846154;4562.5641025641;4492.30769230769;4234.35897435897;4216.41025641026;4477.94871794872;4431.28205128205;3853.33333333333;4405.64102564103;4100.51282051282;4310.25641025641;1697;1681;305.32;305.160675048828;0;0;0;0;
91;0;440;4151.28205128205;4395.89743589744;5097.4358974359;4822.5641025641;4566.66666666667;4494.8717948718;4232.30769230769;4208.20512820513;4486.15384615385;4438.46153846154;3861.02564102564;4410.25641025641;4104.61538461538;4315.38461538462;1699;1681;305.328;305.160675048828;0;0;0;0;
92;0;450;4162.5641025641;4404.61538461538;5109.23076923077;4832.30769230769;4568.20512820513;4492.30769230769;4233.84615384615;4221.53846153846;4491.28205128205;4446.15384615385;3869.74358974359;4416.41025641026;4112.30769230769;4323.07692307692;1699;1680;305.335;305.160675048828;0;0;0;0;
93;0;399;4171.28205128205;4412.30769230769;5111.28205128205;4830.76923076923;4567.69230769231;4487.69230769231;4232.30769230769;4231.79487179487;4489.23076923077;4441.53846153846;3873.33333333333;4417.4358974359;4116.92307692308;4329.74358974359;1699;1681;305.343;305.160675048828;0;0;0;0;
94;0;457;4171.28205128205;4410.76923076923;5107.17948717949;4829.74358974359;4570.25641025641;4493.33333333333;4231.79487179487;4232.82051282051;4489.23076923077;4440.51282051282;3871.79487179487;4418.46153846154;4117.4358974359;4330.25641025641;1699;1680;305.351;305.160675048828;0;0;0;0;
95;0;440;4170.25641025641;4406.15384615385;5108.71794871795;4840;4569.74358974359;4503.07692307692;4233.33333333333;4232.30769230769;4488.71794871795;4442.5641025641;3870.25641025641;4418.46153846154;4116.41025641026;4328.71794871795;1699;1681;305.359;305.160675048828;0;0;0;0;
96;0;450;4172.30769230769;4409.74358974359;5112.82051282051;4845.12820512821;4568.71794871795;4511.79487179487;4231.79487179487;4236.92307692308;4487.69230769231;4441.53846153846;3872.30769230769;4417.94871794872;4115.38461538462;4330.25641025641;1699;1680;305.367;305.285797119141;0;0;0;0;
97;0;399;4172.82051282051;4415.38461538462;5113.33333333333;4835.89743589744;4570.25641025641;4526.66666666667;4233.84615384615;4238.46153846154;4490.76923076923;4442.05128205128;3876.41025641026;4422.05128205128;4114.8717948718;4333.84615384615;1697;1681;305.374;305.285797119141;0;0;0;0;
98;0;457;4171.79487179487;4411.79487179487;5109.23076923077;4827.17948717949;4571.28205128205;4530.76923076923;4236.41025641026;4237.94871794872;4489.23076923077;4444.10256410256;3874.35897435898;4422.5641025641;4113.33333333333;4335.38461538462;1699;1681;305.382;305.285797119141;0;0;0;0;
99;0;440;4166.66666666667;4400;5105.64102564103;4828.71794871795;4567.69230769231;4515.38461538462;4233.84615384615;4231.79487179487;4480;4438.97435897436;3868.71794871795;4413.33333333333;4107.69230769231;4326.15384615385;1698;1681;305.39;305.285797119141;0;0;0;0;
100;0;450;4160.51282051282;4394.35897435897;5100;4829.23076923077;4559.48717948718;4504.10256410256;4227.69230769231;4222.5641025641;4473.84615384615;4430.25641025641;3862.05128205128;4408.20512820513;4101.02564102564;4313.84615384615;1697;1682;305.398;305.285797119141;0;0;0;0;
101;0;399;4161.02564102564;4399.48717948718;5099.48717948718;4825.12820512821;4554.8717948718;4502.5641025641;4227.17948717949;4226.66666666667;4475.89743589744;4428.71794871795;3856.92307692308;4410.76923076923;4102.5641025641;4313.33333333333;1697;1681;305.406;305.285797119141;0;0;0;0;
102;0;457;4163.07692307692;4403.58974358974;5103.58974358974;4825.12820512821;4557.4358974359;4496.41025641026;4231.28205128205;4227.69230769231;4476.92307692308;4430.76923076923;3856.92307692308;4413.33333333333;4106.66666666667;4322.5641025641;1696;1682;305.414;305.285797119141;0;0;0;0;
103;0;440;4165.12820512821;4400;5102.5641025641;4827.69230769231;4557.94871794872;4488.20512820513;4232.82051282051;4214.8717948718;4474.8717948718;4429.23076923077;3858.46153846154;4412.82051282051;4104.10256410256;4324.61538461538;1696;1681;305.421;305.285797119141;0;0;0;0;
104;0;450;4164.61538461538;4398.97435897436;5100;4825.12820512821;4556.92307692308;4484.10256410256;4231.79487179487;4215.38461538462;4474.8717948718;4428.71794871795;3862.5641025641;4411.28205128205;4105.12820512821;4320;1696;1682;305.429;305.285797119141;0;0;0;0;
105;0;399;4157.4358974359;4398.97435897436;5102.05128205128;4820;4558.97435897436;4495.38461538462;4232.82051282051;4227.17948717949;4475.89743589744;4430.25641025641;3862.5641025641;4410.76923076923;4107.69230769231;4316.92307692308;1696;1681;305.437;305.285797119141;0;0;0;0;
106;0;457;4152.30769230769;4393.84615384615;5099.48717948718;4821.02564102564;4555.89743589744;4506.66666666667;4231.28205128205;4232.30769230769;4475.38461538462;4428.71794871795;3858.97435897436;4408.20512820513;4100.51282051282;4313.33333333333;1695;1682;305.445;305.285797119141;0;0;0;0;
107;0;440;4155.38461538462;4394.8717948718;5095.38461538462;4825.12820512821;4554.35897435897;4490.25641025641;4222.05128205128;4242.5641025641;4477.4358974359;4428.20512820513;3861.02564102564;4404.10256410256;4095.89743589744;4313.84615384615;1697;1681;305.453;305.285797119141;0;0;0;0;
108;0;450;4156.41025641026;4400.51282051282;5098.46153846154;4826.15384615385;4563.58974358974;4469.23076923077;4221.02564102564;4250.25641025641;4481.02564102564;4429.74358974359;3862.05128205128;4405.12820512821;4098.97435897436;4314.8717948718;1696;1681;305.461;305.285797119141;0;0;0;0;
109;0;399;4151.79487179487;4393.84615384615;5101.02564102564;4822.05128205128;4563.58974358974;4476.92307692308;4230.25641025641;4237.94871794872;4478.46153846154;4427.17948717949;3854.8717948718;4407.17948717949;4094.8717948718;4312.30769230769;1698;1681;305.468;305.285797119141;0;0;0;0;
110;0;457;4151.28205128205;4387.69230769231;5096.92307692308;4820.51282051282;4554.8717948718;4492.30769230769;4233.33333333333;4228.20512820513;4474.8717948718;4425.12820512821;3848.71794871795;4403.58974358974;4092.82051282051;4310.76923076923;1697;1680;305.476;305.285797119141;0;0;0;0;
111;0;440;4152.30769230769;4394.35897435897;5096.41025641026;4825.12820512821;4555.38461538462;4492.82051282051;4230.25641025641;4226.66666666667;4478.46153846154;4428.20512820513;3852.30769230769;4400;4099.48717948718;4312.82051282051;1698;1681;305.484;305.285797119141;0;0;0;0;
112;0;450;4154.8717948718;4398.97435897436;5099.48717948718;4828.20512820513;4558.46153846154;4483.07692307692;4229.23076923077;4224.61538461538;4478.46153846154;4429.74358974359;3852.30769230769;4402.05128205128;4095.89743589744;4314.35897435897;1699;1680;305.492;305.410888671875;0;0;0;0;
113;0;399;4153.84615384615;4393.33333333333;5098.97435897436;4826.66666666667;4557.4358974359;4475.38461538462;4230.76923076923;4230.25641025641;4474.35897435897;4428.71794871795;3849.23076923077;4403.07692307692;4090.76923076923;4313.84615384615;1698;1681;305.5;305.410888671875;0;0;0;0;
114;0;457;4151.79487179487;4392.30769230769;5101.02564102564;4827.17948717949;4556.41025641026;4480.51282051282;4232.30769230769;4247.17948717949;4476.41025641026;4429.23076923077;3853.33333333333;4405.12820512821;4098.97435897436;4316.41025641026;1699;1680;305.507;305.410888671875;0;0;0;0;
115;0;440;4158.97435897436;4396.92307692308;5104.10256410256;4829.23076923077;4558.46153846154;4494.8717948718;4232.30769230769;4260;4478.97435897436;4432.30769230769;3861.02564102564;4411.28205128205;4105.12820512821;4323.07692307692;1699;1681;305.515;305.410888671875;0;0;0;0;
116;0;450;4164.61538461538;4397.4358974359;5103.07692307692;4828.20512820513;4560;4511.79487179487;4230.25641025641;4257.94871794872;4475.89743589744;4432.30769230769;3860.51282051282;4410.25641025641;4101.02564102564;4324.61538461538;1699;1680;305.523;305.410888671875;0;0;0;0;
117;0;399;4160;4394.35897435897;5103.58974358974;4831.28205128205;4559.48717948718;4540;4233.33333333333;4253.84615384615;4474.35897435897;4429.23076923077;3853.84615384615;4408.71794871795;4100;4321.02564102564;1699;1681;305.531;305.410888671875;0;0;0;0;
118;0;457;4160.51282051282;4397.94871794872;5104.61538461539;4831.28205128205;4562.05128205128;4546.66666666667;4234.8717948718;4272.30769230769;4480.51282051282;4434.35897435897;3853.33333333333;4411.79487179487;4104.61538461538;4324.10256410256;1700;1681;305.539;305.410888671875;0;0;0;0;
119;0;440;4168.20512820513;4405.12820512821;5103.58974358974;4827.69230769231;4565.64102564103;4521.53846153846;4232.30769230769;4289.74358974359;4488.71794871795;4442.05128205128;3861.53846153846;4412.82051282051;4108.20512820513;4330.76923076923;1698;1681;305.546;305.410888671875;0;0;0;0;
120;0;450;4170.76923076923;4406.66666666667;5104.10256410256;4830.76923076923;4564.10256410256;4534.8717948718;4231.79487179487;4279.48717948718;4490.25641025641;4441.53846153846;3865.12820512821;4412.30769230769;4109.74358974359;4328.71794871795;1699;1682;305.554;305.410888671875;0;0;0;0;
121;0;399;4165.64102564103;4405.64102564103;5104.61538461539;4831.79487179487;4558.97435897436;4583.58974358974;4230.76923076923;4261.53846153846;4488.20512820513;4438.97435897436;3862.5641025641;4409.74358974359;4107.69230769231;4327.17948717949;1698;1681;305.562;305.410888671875;0;0;0;0;
122;0;457;4158.46153846154;4405.12820512821;5102.5641025641;4828.71794871795;4557.4358974359;4582.05128205128;4230.25641025641;4248.20512820513;4488.71794871795;4436.92307692308;3862.05128205128;4406.15384615385;4103.58974358974;4327.69230769231;1698;1683;305.57;305.410888671875;0;0;0;0;
123;0;440;4161.02564102564;4405.64102564103;5106.15384615385;4830.76923076923;4562.05128205128;4536.92307692308;4230.76923076923;4250.76923076923;4491.28205128205;4435.89743589744;3863.58974358974;4409.74358974359;4106.66666666667;4325.64102564103;1698;1681;305.578;305.410888671875;0;0;0;0;
124;0;450;4165.12820512821;4407.69230769231;5109.23076923077;4831.79487179487;4568.71794871795;4513.33333333333;4233.33333333333;4274.35897435897;4492.82051282051;4438.97435897436;3862.5641025641;4410.76923076923;4114.8717948718;4326.66666666667;1697;1682;305.586;305.410888671875;0;0;0;0;
125;0;399;4160;4407.69230769231;5105.64102564103;4828.71794871795;4570.76923076923;4511.79487179487;4241.02564102564;4280;4491.79487179487;4441.02564102564;3861.02564102564;4406.66666666667;4112.82051282051;4327.17948717949;1698;1681;305.593;305.410888671875;0;0;0;0;
126;0;457;4160.51282051282;4407.17948717949;5104.61538461539;4835.38461538462;4567.69230769231;4511.28205128205;4243.58974358974;4262.5641025641;4490.25641025641;4440.51282051282;3859.48717948718;4406.66666666667;4106.66666666667;4324.10256410256;1698;1681;305.601;305.410888671875;0;0;0;0;
127;0;440;4163.07692307692;4408.20512820513;5104.61538461539;4844.10256410256;4569.74358974359;4508.71794871795;4241.02564102564;4264.61538461538;4491.79487179487;4437.94871794872;3856.41025641026;4409.74358974359;4106.15384615385;4323.07692307692;1698;1680;305.609;305.410888671875;0;0;0;0;
128;0;450;4160;4409.74358974359;5107.69230769231;4844.10256410256;4570.25641025641;4495.89743589744;4242.5641025641;4272.82051282051;4494.35897435897;4437.94871794872;3854.35897435898;4410.25641025641;4109.23076923077;4325.64102564103;1697;1680;305.617;305.536010742188;0;0;0;0;
0;0;421;4160.51282051282;4409.74358974359;5112.30769230769;4842.5641025641;4566.66666666667;4488.20512820513;4244.10256410256;4264.10256410256;4490.76923076923;4439.48717948718;3858.46153846154;4410.25641025641;4111.28205128205;4327.17948717949;1698;1680;305.625;305.536010742188;0;0;0;0;
1;0;433;4164.61538461538;4411.28205128205;5113.33333333333;4843.07692307692;4567.69230769231;4493.33333333333;4241.02564102564;4261.02564102564;4489.74358974359;4440.51282051282;3862.5641025641;4411.28205128205;4115.38461538462;4330.25641025641;1697;1681;305.632;305.536010742188;0;0;0;0;
2;0;463;4164.61538461538;4412.30769230769;5114.8717948718;4844.61538461539;4569.74358974359;4491.79487179487;4237.94871794872;4267.17948717949;4500.51282051282;4440;3863.07692307692;4412.30769230769;4120;4333.33333333333;1699;1680;305.64;305.536010742188;0;0;0;0;
3;0;479;4167.69230769231;4412.30769230769;5114.8717948718;4846.15384615385;4569.23076923077;4484.10256410256;4233.84615384615;4265.12820512821;4503.58974358974;4442.5641025641;3862.5641025641;4412.82051282051;4122.05128205128;4333.33333333333;1698;1681;305.648;305.536010742188;0;0;0;0;
4;0;470;4169.74358974359;4411.79487179487;5113.33333333333;4845.64102564103;4567.69230769231;4488.71794871795;4230.76923076923;4263.07692307692;4497.94871794872;4446.15384615385;3867.17948717949;4410.25641025641;4122.5641025641;4333.33333333333;1698;1681;305.656;305.536010742188;0;0;0;0;
5;0;472;4167.17948717949;4412.30769230769;5111.79487179487;4845.12820512821;4568.71794871795;4510.25641025641;4234.8717948718;4261.53846153846;4497.94871794872;4443.58974358974;3870.25641025641;4409.23076923077;4122.05128205128;4332.30769230769;1697;1681;305.664;305.536010742188;0;0;0;0;
6;0;485;4168.20512820513;4410.25641025641;5111.28205128205;4845.64102564103;4570.76923076923;4524.61538461538;4237.4358974359;4258.97435897436;4497.94871794872;4443.58974358974;3869.23076923077;4411.28205128205;4118.46153846154;4329.74358974359;1698;1680;305.672;305.536010742188;0;0;0;0;
7;0;425;4166.66666666667;4404.61538461538;5112.30769230769;4842.5641025641;4568.71794871795;4521.53846153846;4236.41025641026;4250.25641025641;4491.79487179487;4444.10256410256;3867.17948717949;4409.23076923077;4114.8717948718;4328.71794871795;1697;1681;305.679;305.536010742188;0;0;0;0;
8;0;398;4166.66666666667;4401.53846153846;5114.35897435897;4843.58974358974;4567.17948717949;4520.51282051282;4233.33333333333;4234.8717948718;4490.25641025641;4443.58974358974;3867.69230769231;4408.20512820513;4115.38461538462;4329.74358974359;1698;1681;305.687;305.536010742188;0;0;0;0;
9;0;422;4169.74358974359;4405.12820512821;5113.33333333333;4848.71794871795;4568.71794871795;4532.82051282051;4234.8717948718;4234.35897435897;4493.33333333333;4442.5641025641;3866.66666666667;4410.25641025641;4114.8717948718;4330.76923076923;1697;1681;305.695;305.536010742188;0;0;0;0;
10;0;457;4168.20512820513;4406.66666666667;5111.79487179487;4845.64102564103;4570.76923076923;4539.48717948718;4241.53846153846;4246.66666666667;4490.25641025641;4440.51282051282;3861.53846153846;4408.71794871795;4113.33333333333;4329.23076923077;1698;1681;305.703;305.536010742188;0;0;0;0;
11;0;440;4167.69230769231;4405.12820512821;5117.4358974359;4843.58974358974;4571.28205128205;4528.71794871795;4239.48717948718;4250.76923076923;4492.30769230769;4443.07692307692;3862.5641025641;4411.28205128205;4120;4330.76923076923;1697;1681;305.711;305.536010742188;0;0;0;0;
12;0;450;4168.20512820513;4406.15384615385;5118.97435897436;4847.17948717949;4572.30769230769;4518.46153846154;4232.30769230769;4247.69230769231;4496.41025641026;4445.64102564103;3865.12820512821;4415.89743589744;4122.5641025641;4332.30769230769;1697;1682;305.718;305.536010742188;0;0;0;0;
13;0;399;4167.69230769231;4408.20512820513;5111.79487179487;4845.12820512821;4569.74358974359;4520;4232.30769230769;4246.66666666667;4490.76923076923;4441.53846153846;3861.53846153846;4409.74358974359;4117.94871794872;4330.25641025641;1698;1680;305.726;305.536010742188;0;0;0;0;
14;0;457;4169.74358974359;4412.30769230769;5113.33333333333;4849.74358974359;4570.25641025641;4523.07692307692;4233.33333333333;4253.33333333333;4493.33333333333;4446.15384615385;3866.66666666667;4407.69230769231;4123.07692307692;4332.30769230769;1697;1681;305.734;305.536010742188;0;0;0;0;
15;0;440;4174.35897435897;4416.41025641026;5117.4358974359;4859.48717948718;4577.4358974359;4520.51282051282;4231.79487179487;4263.07692307692;4504.61538461538;4460.51282051282;3876.41025641026;4413.84615384615;4129.74358974359;4337.4358974359;1698;1681;305.742;305.661102294922;0;0;0;0;
16;0;0;4167.17948717949;4413.33333333333;5110.25641025641;4852.82051282051;4576.92307692308;4520;4233.84615384615;4257.94871794872;4501.53846153846;4456.41025641026;3869.23076923077;4406.66666666667;4125.12820512821;4334.8717948718;1698;1681;305.75;305.661102294922;0;0;0;0;
17;0;0;4161.02564102564;4409.74358974359;5103.58974358974;4846.66666666667;4569.74358974359;4531.28205128205;4235.38461538462;4242.05128205128;4488.71794871795;4442.05128205128;3856.92307692308;4393.84615384615;4119.48717948718;4326.15384615385;1698;1680;305.758;305.661102294922;0;0;0;0;
18;0;0;4163.58974358974;4412.30769230769;5107.69230769231;4857.4358974359;4570.25641025641;4542.5641025641;4230.76923076923;4245.64102564103;4488.20512820513;4442.05128205128;3858.97435897436;4395.38461538462;4121.53846153846;4326.15384615385;1697;1681;305.765;305.661102294922;0;0;0;0;
19;0;0;4162.5641025641;4413.84615384615;5107.69230769231;4861.53846153846;4574.35897435897;4537.94871794872;4233.33333333333;4249.23076923077;4492.30769230769;4446.15384615385;3862.05128205128;4399.48717948718;4122.5641025641;4328.71794871795;1699;1681;305.773;305.661102294922;0;0;0;0;
20;0;0;4161.53846153846;4411.28205128205;5104.61538461539;4853.84615384615;4571.79487179487;4536.41025641026;4241.02564102564;4240.51282051282;4491.79487179487;4443.07692307692;3860.51282051282;4397.4358974359;4121.02564102564;4328.71794871795;1697;1681;305.781;305.661102294922;0;0;0;0;
21;0;0;4167.69230769231;4407.69230769231;5106.66666666667;4851.79487179487;4571.28205128205;4540.51282051282;4238.97435897436;4253.84615384615;4491.79487179487;4443.07692307692;3864.10256410256;4400.51282051282;4124.61538461538;4331.28205128205;1698;1681;305.789;305.661102294922;0;0;0;0;
22;0;0;4170.76923076923;4405.64102564103;5110.25641025641;4854.8717948718;4572.30769230769;4530.76923076923;4232.30769230769;4270.25641025641;4492.82051282051;4444.61538461538;3866.66666666667;4404.10256410256;4126.15384615385;4333.84615384615;1697;1680;305.797;305.661102294922;0;0;0;0;
23;0;0;4167.69230769231;4408.20512820513;5110.25641025641;4855.89743589744;4570.25641025641;4520;4232.82051282051;4248.71794871795;4490.76923076923;4442.05128205128;3866.15384615385;4402.05128205128;4121.02564102564;4331.79487179487;1697;1681;305.805;305.661102294922;0;0;0;0;
24;0;0;4166.66666666667;4408.71794871795;5110.25641025641;4857.94871794872;4569.23076923077;4521.53846153846;4232.82051282051;4224.61538461538;4483.58974358974;4435.89743589744;3862.05128205128;4400;4112.82051282051;4328.71794871795;1697;1680;305.812;305.661102294922;0;0;0;0;
25;0;0;4167.17948717949;4402.05128205128;5109.23076923077;4857.4358974359;4568.20512820513;4525.64102564103;4231.79487179487;4229.74358974359;4477.94871794872;4428.71794871795;3851.28205128205;4396.92307692308;4109.23076923077;4325.12820512821;1696;1682;305.82;305.661102294922;0;0;0;0;
26;0;0;4164.61538461538;4397.94871794872;5108.20512820513;4856.41025641026;4567.69230769231;4524.10256410256;4229.74358974359;4232.30769230769;4476.41025641026;4425.12820512821;3847.17948717949;4393.84615384615;4108.71794871795;4320.51282051282;1697;1681;305.828;305.661102294922;0;0;0;0;
27;0;0;4162.05128205128;4401.53846153846;5109.23076923077;4857.4358974359;4567.69230769231;4521.02564102564;4222.05128205128;4222.05128205128;4478.97435897436;4426.66666666667;3852.82051282051;4396.41025641026;4110.76923076923;4322.5641025641;1696;1682;305.836;305.661102294922;0;0;0;0;
28;0;0;4162.5641025641;4403.07692307692;5110.76923076923;4858.46153846154;4568.71794871795;4522.5641025641;4221.02564102564;4231.79487179487;4485.12820512821;4432.30769230769;3855.89743589744;4400.51282051282;4116.41025641026;4327.69230769231;1697;1682;305.845;305.661102294922;0;0;0;0;
29;0;0;4168.20512820513;4403.58974358974;5115.89743589744;4860;4570.25641025641;4523.58974358974;4230.25641025641;4250.25641025641;4491.28205128205;4440;3860.51282051282;4403.58974358974;4122.5641025641;4329.74358974359;1696;1682;305.852;305.661102294922;0;0;0;0;
30;0;0;4170.76923076923;4405.64102564103;5116.41025641026;4861.02564102564;4569.74358974359;4519.48717948718;4236.92307692308;4249.74358974359;4492.82051282051;4442.5641025641;3866.15384615385;4408.20512820513;4124.10256410256;4333.33333333333;1697;1682;305.859;305.661102294922;0;0;0;0;
31;0;0;4168.71794871795;4408.20512820513;5115.89743589744;4859.48717948718;4569.74358974359;4523.58974358974;4236.92307692308;4247.69230769231;4493.84615384615;4441.02564102564;3865.12820512821;4412.30769230769;4123.07692307692;4337.4358974359;1696;1682;305.867;305.786224365234;0;0;0;0;
32;0;0;4172.30769230769;4411.79487179487;5121.53846153846;4861.53846153846;4570.76923076923;4525.64102564103;4236.92307692308;4252.30769230769;4500.51282051282;4447.17948717949;3870.25641025641;4416.92307692308;4130.25641025641;4340.51282051282;1697;1682;305.875;305.786224365234;0;0;0;0;
33;0;0;4177.94871794872;4411.79487179487;5125.12820512821;4863.58974358974;4569.74358974359;4508.71794871795;4238.97435897436;4251.79487179487;4502.05128205128;4458.97435897436;3876.92307692308;4417.94871794872;4135.89743589744;4343.07692307692;1696;1680;305.883;305.786224365234;0;0;0;0;
34;0;0;4173.84615384615;4405.64102564103;5121.53846153846;4860;4567.69230769231;4503.58974358974;4240;4247.17948717949;4493.84615384615;4466.15384615385;3868.71794871795;4410.76923076923;4129.23076923077;4337.94871794872;1696;1682;305.891;305.786224365234;0;0;0;0;
35;0;0;4168.20512820513;4405.12820512821;5118.46153846154;4860.51282051282;4568.71794871795;4509.23076923077;4235.89743589744;4245.64102564103;4489.23076923077;4493.33333333333;3866.66666666667;4409.23076923077;4125.64102564103;4333.84615384615;1697;1681;305.898;305.786224365234;0;0;0;0;
36;0;0;4168.20512820513;4409.23076923077;5119.48717948718;4863.07692307692;4569.23076923077;4502.05128205128;4230.76923076923;4244.61538461538;4495.38461538462;4533.33333333333;3874.8717948718;4412.82051282051;4128.71794871795;4337.4358974359;1696;1681;305.906;305.786224365234;0;0;0;0;
37;0;0;4161.53846153846;4400.51282051282;5110.25641025641;4854.8717948718;4567.17948717949;4521.02564102564;4237.4358974359;4245.64102564103;4495.38461538462;4532.82051282051;3865.12820512821;4404.10256410256;4115.89743589744;4327.69230769231;1697;1681;305.914;305.786224365234;0;0;0;0;
38;0;0;4145.64102564103;4384.61538461538;5098.46153846154;4844.61538461539;4566.15384615385;4548.20512820513;4242.05128205128;4250.76923076923;4487.17948717949;4528.20512820513;3843.58974358974;4389.74358974359;4091.28205128205;4306.66666666667;1696;1681;305.922;305.786224365234;0;0;0;0;
39;0;0;4140;4385.12820512821;5101.02564102564;4843.07692307692;4566.66666666667;4529.74358974359;4231.79487179487;4245.64102564103;4485.64102564103;4579.48717948718;3841.53846153846;4389.23076923077;4087.17948717949;4306.66666666667;1697;1681;305.93;305.786224365234;0;0;0;0;
40;0;0;4148.20512820513;4396.92307692308;5105.12820512821;4849.23076923077;4568.20512820513;4509.74358974359;4231.28205128205;4240;4491.28205128205;4626.15384615385;3854.8717948718;4396.41025641026;4104.10256410256;4319.48717948718;1696;1681;305.937;305.786224365234;0;0;0;0;
41;0;0;4152.30769230769;4401.53846153846;5101.02564102564;4856.41025641026;4569.74358974359;4520.51282051282;4242.5641025641;4243.07692307692;4493.84615384615;4615.89743589744;3858.46153846154;4396.41025641026;4115.89743589744;4324.61538461538;1697;1682;305.945;305.786224365234;0;0;0;0;
42;0;0;4155.38461538462;4400.51282051282;5104.61538461539;4859.48717948718;4569.74358974359;4511.28205128205;4241.53846153846;4245.12820512821;4493.33333333333;4598.46153846154;3855.38461538462;4396.92307692308;4114.35897435897;4326.66666666667;1696;1681;305.953;305.786224365234;0;0;0;0;
43;0;0;4167.17948717949;4408.20512820513;5116.41025641026;4858.97435897436;4569.23076923077;4493.84615384615;4230.25641025641;4253.84615384615;4492.82051282051;4597.4358974359;3859.48717948718;4403.58974358974;4118.46153846154;4333.33333333333;1697;1681;305.961;305.786224365234;0;0;0;0;
44;0;0;4168.71794871795;4409.74358974359;5114.35897435897;4859.48717948718;4566.15384615385;4513.33333333333;4233.33333333333;4264.61538461538;4492.30769230769;4584.61538461538;3861.53846153846;4407.69230769231;4122.05128205128;4337.94871794872;1697;1681;305.97;305.786224365234;0;0;0;0;
45;0;0;4158.46153846154;4397.94871794872;5109.74358974359;4859.48717948718;4564.10256410256;4535.38461538462;4238.46153846154;4260.51282051282;4491.79487179487;4572.30769230769;3855.38461538462;4404.10256410256;4114.8717948718;4332.30769230769;1697;1682;305.977;305.786224365234;0;0;0;0;
46;0;0;4162.5641025641;4399.48717948718;5113.84615384615;4856.41025641026;4564.61538461538;4519.48717948718;4234.35897435897;4246.66666666667;4492.82051282051;4568.71794871795;3856.41025641026;4401.02564102564;4112.82051282051;4328.20512820513;1698;1680;305.984;305.786224365234;0;0;0;0;
47;0;0;4168.71794871795;4409.23076923077;5115.89743589744;4857.94871794872;4561.02564102564;4513.33333333333;4229.23076923077;4243.58974358974;4492.82051282051;4562.5641025641;3866.15384615385;4406.66666666667;4118.97435897436;4332.82051282051;1697;1681;305.992;305.911346435547;0;0;0;0;
48;0;0;4158.97435897436;4401.53846153846;5116.41025641026;4861.53846153846;4558.46153846154;4569.74358974359;4228.20512820513;4242.05128205128;4489.23076923077;4553.84615384615;3865.12820512821;4408.20512820513;4120;4332.30769230769;1699;1681;306;305.911346435547;0;0;0;0;
49;0;0;4154.35897435897;4394.35897435897;5113.84615384615;4860.51282051282;4563.07692307692;4623.07692307692;4230.76923076923;4215.89743589744;4488.20512820513;4550.76923076923;3853.84615384615;4402.5641025641;4115.38461538462;4325.64102564103;1698;1680;306.008;305.911346435547;0;0;0;0;
50;0;0;4157.94871794872;4403.07692307692;5109.74358974359;4858.46153846154;4569.74358974359;4621.02564102564;4233.84615384615;4198.46153846154;4490.25641025641;4552.82051282051;3854.35897435898;4400;4117.94871794872;4327.17948717949;1699;1680;306.016;305.911346435547;0;0;0;0;
51;0;0;4155.89743589744;4404.61538461538;5110.25641025641;4857.94871794872;4568.71794871795;4616.41025641026;4233.84615384615;4212.30769230769;4491.28205128205;4549.23076923077;3860;4400.51282051282;4121.02564102564;4329.74358974359;1699;1680;306.023;305.911346435547;0;0;0;0;
52;0;0;4154.35897435897;4397.4358974359;5111.28205128205;4858.46153846154;4562.5641025641;4607.17948717949;4234.35897435897;4223.58974358974;4491.79487179487;4542.5641025641;3856.41025641026;4400;4114.8717948718;4322.05128205128;1699;1681;306.031;305.911346435547;0;0;0;0;
53;0;0;4152.30769230769;4395.38461538462;5103.58974358974;4857.94871794872;4561.53846153846;4552.82051282051;4235.38461538462;4219.48717948718;4490.76923076923;4538.97435897436;3852.82051282051;4397.4358974359;4111.79487179487;4316.92307692308;1699;1680;306.039;305.911346435547;0;0;0;0;
54;0;0;4149.23076923077;4397.94871794872;5102.05128205128;4856.92307692308;4565.64102564103;4508.20512820513;4234.8717948718;4227.17948717949;4489.23076923077;4536.92307692308;3854.35897435898;4394.35897435897;4116.41025641026;4318.46153846154;1698;1682;306.047;305.911346435547;0;0;0;0;
55;0;0;4152.30769230769;4398.46153846154;5106.15384615385;4860.51282051282;4570.25641025641;4505.12820512821;4235.38461538462;4244.10256410256;4491.28205128205;4537.94871794872;3856.41025641026;4393.84615384615;4114.35897435897;4319.48717948718;1698;1681;306.055;305.911346435547;0;0;0;0;
56;0;0;4149.74358974359;4394.35897435897;5100.51282051282;4858.97435897436;4565.64102564103;4504.61538461538;4237.94871794872;4233.84615384615;4491.79487179487;4533.84615384615;3854.8717948718;4389.74358974359;4103.07692307692;4314.35897435897;1698;1681;306.064;305.911346435547;0;0;0;0;
57;0;0;4138.97435897436;4393.33333333333;5095.89743589744;4847.17948717949;4559.48717948718;4501.53846153846;4238.46153846154;4217.4358974359;4489.23076923077;4524.61538461538;3853.33333333333;4384.10256410256;4104.10256410256;4311.28205128205;1697;1681;306.071;305.911346435547;0;0;0;0;
58;0;0;4142.05128205128;4396.92307692308;5098.97435897436;4847.17948717949;4562.5641025641;4498.46153846154;4233.33333333333;4224.10256410256;4490.25641025641;4521.02564102564;3856.41025641026;4383.07692307692;4110.76923076923;4315.38461538462;1697;1681;306.078;305.911346435547;0;0;0;0;
59;0;0;4153.33333333333;4395.89743589744;5100;4857.4358974359;4564.10256410256;4512.82051282051;4227.17948717949;4233.84615384615;4489.23076923077;4523.07692307692;3859.48717948718;4384.10256410256;4107.69230769231;4318.46153846154;1696;1681;306.086;305.911346435547;0;0;0;0;
60;0;0;4152.82051282051;4391.28205128205;5104.10256410256;4855.89743589744;4561.02564102564;4548.20512820513;4230.76923076923;4230.25641025641;4489.74358974359;4522.5641025641;3857.94871794872;4387.17948717949;4105.64102564103;4317.4358974359;1696;1681;306.094;305.911346435547;0;0;0;0;
61;0;0;4154.35897435897;4393.84615384615;5110.76923076923;4850.76923076923;4565.12820512821;4558.46153846154;4236.92307692308;4227.17948717949;4498.46153846154;4522.05128205128;3857.94871794872;4395.38461538462;4113.84615384615;4322.5641025641;1695;1680;306.102;305.911346435547;0;0;0;0;
62;0;0;4164.61538461538;4397.94871794872;5109.23076923077;4857.4358974359;4572.30769230769;4565.12820512821;4235.38461538462;4232.30769230769;4501.02564102564;4527.17948717949;3864.61538461539;4400;4118.97435897436;4329.74358974359;1695;1681;306.109;305.911346435547;0;0;0;0;
63;0;0;4161.02564102564;4392.30769230769;5106.15384615385;4861.02564102564;4568.71794871795;4608.71794871795;4237.94871794872;4232.30769230769;4491.79487179487;4525.12820512821;3863.07692307692;4395.89743589744;4112.30769230769;4324.10256410256;1696;1680;306.117;306.036437988281;0;0;0;0;
64;0;421;4151.28205128205;4385.12820512821;5109.23076923077;4855.89743589744;4563.58974358974;4629.74358974359;4242.05128205128;4231.79487179487;4488.71794871795;4517.94871794872;3856.41025641026;4396.41025641026;4105.12820512821;4319.48717948718;1696;1680;306.125;306.036437988281;0;0;0;0;
65;0;433;4160.51282051282;4388.20512820513;5113.84615384615;4857.94871794872;4569.23076923077;4602.5641025641;4235.38461538462;4233.84615384615;4493.84615384615;4520;3857.94871794872;4404.10256410256;4107.69230769231;4325.64102564103;1696;1680;306.133;306.036437988281;0;0;0;0;
66;0;463;4172.30769230769;4397.94871794872;5114.35897435897;4860.51282051282;4572.30769230769;4579.48717948718;4229.74358974359;4232.30769230769;4493.84615384615;4521.02564102564;3861.02564102564;4406.15384615385;4109.23076923077;4328.20512820513;1695;1681;306.141;306.036437988281;0;0;0;0;
67;0;479;4163.07692307692;4397.4358974359;5107.17948717949;4858.46153846154;4563.07692307692;4543.58974358974;4233.84615384615;4229.74358974359;4491.28205128205;4509.23076923077;3862.5641025641;4402.5641025641;4106.15384615385;4324.10256410256;1696;1681;306.149;306.036437988281;0;0;0;0;
68;0;470;4153.84615384615;4388.20512820513;5104.10256410256;4857.94871794872;4556.41025641026;4499.48717948718;4234.35897435897;4232.30769230769;4490.25641025641;4501.02564102564;3863.07692307692;4403.07692307692;4104.61538461538;4321.53846153846;1696;1680;306.156;306.036437988281;0;0;0;0;
69;0;472;4160.51282051282;4388.71794871795;5111.28205128205;4858.46153846154;4565.12820512821;4527.17948717949;4230.25641025641;4236.41025641026;4490.25641025641;4506.66666666667;3859.48717948718;4405.12820512821;4104.61538461538;4322.5641025641;1696;1681;306.164;306.036437988281;0;0;0;0;
70;0;485;4164.10256410256;4394.35897435897;5112.82051282051;4857.94871794872;4568.71794871795;4597.94871794872;4231.79487179487;4227.69230769231;4492.82051282051;4504.10256410256;3854.35897435898;4405.64102564103;4104.10256410256;4325.12820512821;1697;1680;306.172;306.036437988281;0;0;0;0;
71;0;425;4154.8717948718;4391.79487179487;5103.58974358974;4857.4358974359;4558.97435897436;4610.76923076923;4233.33333333333;4220;4493.33333333333;4492.30769230769;3856.41025641026;4400.51282051282;4104.10256410256;4323.07692307692;1696;1681;306.18;306.036437988281;0;0;0;0;
72;0;398;4150.76923076923;4383.07692307692;5101.53846153846;4853.84615384615;4552.30769230769;4582.5641025641;4234.8717948718;4229.23076923077;4487.17948717949;4489.74358974359;3854.8717948718;4393.84615384615;4100;4316.41025641026;1697;1681;306.188;306.036437988281;0;0;0;0;
73;0;422;4154.35897435897;4384.10256410256;5105.64102564103;4853.33333333333;4556.41025641026;4591.79487179487;4234.35897435897;4236.41025641026;4485.12820512821;4492.30769230769;3852.82051282051;4394.8717948718;4097.4358974359;4315.89743589744;1697;1681;306.195;306.036437988281;0;0;0;0;
74;0;457;4154.35897435897;4392.30769230769;5106.66666666667;4858.97435897436;4564.61538461538;4601.53846153846;4232.30769230769;4237.94871794872;4491.28205128205;4491.28205128205;3857.4358974359;4398.46153846154;4101.02564102564;4320;1698;1681;306.203;306.036437988281;0;0;0;0;
75;0;440;4152.30769230769;4391.79487179487;5105.64102564103;4858.46153846154;4563.07692307692;4574.8717948718;4232.82051282051;4242.05128205128;4487.69230769231;4491.28205128205;3854.35897435898;4397.4358974359;4102.5641025641;4320;1698;1681;306.211;306.036437988281;0;0;0;0;
76;0;450;4152.30769230769;4384.10256410256;5102.05128205128;4854.8717948718;4555.38461538462;4571.79487179487;4232.30769230769;4232.30769230769;4477.94871794872;4491.28205128205;3849.74358974359;4396.92307692308;4099.48717948718;4317.94871794872;1700;1681;306.219;306.036437988281;0;0;0;0;
77;0;399;4151.79487179487;4382.05128205128;5100;4860.51282051282;4558.46153846154;4606.66666666667;4229.74358974359;4214.35897435897;4481.53846153846;4489.23076923077;3856.92307692308;4401.53846153846;4101.53846153846;4320.51282051282;1698;1682;306.227;306.036437988281;0;0;0;0;
78;0;457;4154.8717948718;4391.79487179487;5107.17948717949;4863.58974358974;4567.69230769231;4610.25641025641;4230.25641025641;4223.58974358974;4491.28205128205;4492.82051282051;3864.61538461539;4408.20512820513;4106.66666666667;4324.61538461538;1700;1681;306.235;306.036437988281;0;0;0;0;
79;0;440;4162.5641025641;4398.46153846154;5113.33333333333;4858.97435897436;4567.69230769231;4577.4358974359;4233.84615384615;4244.10256410256;4493.84615384615;4504.61538461538;3865.64102564103;4410.25641025641;4111.79487179487;4323.07692307692;1699;1681;306.242;306.161560058594;0;0;0;0;
80;0;450;4165.12820512821;4394.35897435897;5109.23076923077;4859.48717948718;4566.66666666667;4583.58974358974;4233.84615384615;4249.23076923077;4491.79487179487;4509.23076923077;3868.71794871795;4411.79487179487;4119.48717948718;4324.61538461538;1700;1682;306.25;306.161560058594;0;0;0;0;
81;0;399;4162.05128205128;4391.79487179487;5110.76923076923;4862.5641025641;4569.23076923077;4613.84615384615;4232.82051282051;4252.30769230769;4497.4358974359;4506.15384615385;3872.30769230769;4413.84615384615;4123.58974358974;4330.76923076923;1699;1680;306.258;306.161560058594;0;0;0;0;
82;0;457;4165.12820512821;4395.38461538462;5115.89743589744;4863.07692307692;4568.71794871795;4580.51282051282;4230.25641025641;4252.30769230769;4503.07692307692;4505.64102564103;3873.33333333333;4412.82051282051;4121.02564102564;4329.74358974359;1699;1681;306.266;306.161560058594;0;0;0;0;
83;0;440;4169.74358974359;4396.92307692308;5112.82051282051;4862.05128205128;4565.64102564103;4510.76923076923;4229.74358974359;4241.53846153846;4498.46153846154;4506.66666666667;3874.8717948718;4411.79487179487;4118.46153846154;4324.61538461538;1699;1680;306.274;306.161560058594;0;0;0;0;
84;0;450;4168.71794871795;4398.46153846154;5111.79487179487;4862.5641025641;4567.17948717949;4517.94871794872;4232.30769230769;4237.94871794872;4494.8717948718;4505.64102564103;3874.8717948718;4415.89743589744;4125.12820512821;4330.76923076923;1699;1680;306.282;306.161560058594;0;0;0;0;
85;0;399;4169.74358974359;4401.53846153846;5119.48717948718;4868.71794871795;4572.30769230769;4578.97435897436;4234.35897435897;4245.64102564103;4502.05128205128;4507.17948717949;3877.94871794872;4420.51282051282;4131.79487179487;4339.48717948718;1699;1680;306.289;306.161560058594;0;0;0;0;
86;0;457;4171.28205128205;4395.38461538462;5120;4876.92307692308;4571.28205128205;4579.48717948718;4238.46153846154;4244.10256410256;4505.64102564103;4508.20512820513;3879.48717948718;4420;4128.20512820513;4335.89743589744;1698;1681;306.297;306.161560058594;0;0;0;0;
87;0;440;4167.69230769231;4397.4358974359;5114.8717948718;4877.4358974359;4573.84615384615;4537.4358974359;4242.5641025641;4241.53846153846;4502.5641025641;4509.23076923077;3878.46153846154;4421.02564102564;4128.71794871795;4335.38461538462;1699;1680;306.305;306.161560058594;0;0;0;0;
88;0;450;4174.8717948718;4413.33333333333;5120;4874.35897435897;4583.58974358974;4519.48717948718;4245.12820512821;4247.69230769231;4505.64102564103;4512.30769230769;3881.53846153846;4424.61538461538;4138.46153846154;4343.07692307692;1698;1681;306.313;306.161560058594;0;0;0;0;
89;0;399;4184.61538461538;4414.8717948718;5124.10256410256;4874.8717948718;4583.07692307692;4518.97435897436;4248.20512820513;4244.10256410256;4508.71794871795;4510.76923076923;3882.5641025641;4423.58974358974;4140;4343.07692307692;1698;1681;306.321;306.161560058594;0;0;0;0;
90;0;457;4177.4358974359;4404.10256410256;5120.51282051282;4875.38461538462;4576.41025641026;4522.5641025641;4245.64102564103;4230.76923076923;4501.53846153846;4505.12820512821;3876.41025641026;4418.97435897436;4132.82051282051;4336.92307692308;1697;1681;306.328;306.161560058594;0;0;0;0;
91;0;440;4167.69230769231;4407.69230769231;5116.41025641026;4874.8717948718;4578.46153846154;4534.8717948718;4235.38461538462;4234.35897435897;4494.8717948718;4506.66666666667;3872.82051282051;4416.92307692308;4127.17948717949;4332.82051282051;1697;1682;306.336;306.161560058594;0;0;0;0;
92;0;450;4168.71794871795;4410.76923076923;5112.82051282051;4874.35897435897;4580;4550.25641025641;4233.84615384615;4245.64102564103;4497.4358974359;4503.07692307692;3872.30769230769;4413.84615384615;4122.05128205128;4328.20512820513;1697;1681;306.344;306.161560058594;0;0;0;0;
93;0;399;4170.76923076923;4405.64102564103;5111.79487179487;4874.8717948718;4572.82051282051;4554.8717948718;4236.92307692308;4253.84615384615;4503.58974358974;4493.33333333333;3870.76923076923;4414.8717948718;4122.05128205128;4327.69230769231;1696;1681;306.352;306.161560058594;0;0;0;0;
94;0;457;4173.84615384615;4408.20512820513;5116.41025641026;4876.41025641026;4571.28205128205;4552.82051282051;4233.33333333333;4261.53846153846;4507.17948717949;4500.51282051282;3871.28205128205;4420;4131.79487179487;4334.35897435897;1697;1682;306.36;306.161560058594;0;0;0;0;
95;0;440;4175.89743589744;4413.84615384615;5120;4876.92307692308;4573.84615384615;4552.30769230769;4240.51282051282;4257.94871794872;4504.10256410256;4505.64102564103;3871.28205128205;4417.94871794872;4131.79487179487;4333.84615384615;1696;1681;306.368;306.286651611328;0;0;0;0;
96;0;450;4174.8717948718;4413.33333333333;5122.5641025641;4878.46153846154;4571.79487179487;4545.12820512821;4249.23076923077;4242.05128205128;4502.5641025641;4496.41025641026;3866.66666666667;4413.33333333333;4127.17948717949;4329.23076923077;1696;1682;306.375;306.286651611328;0;0;0;0;
97;0;399;4176.92307692308;4411.28205128205;5124.61538461539;4877.94871794872;4570.25641025641;4534.35897435897;4238.46153846154;4232.30769230769;4501.53846153846;4494.35897435897;3863.58974358974;4413.33333333333;4128.71794871795;4330.25641025641;1696;1682;306.383;306.286651611328;0;0;0;0;
98;0;457;4178.97435897436;4410.76923076923;5124.10256410256;4875.38461538462;4569.74358974359;4535.89743589744;4228.20512820513;4231.28205128205;4496.92307692308;4495.38461538462;3864.61538461539;4415.38461538462;4129.74358974359;4330.25641025641;1697;1682;306.391;306.286651611328;0;0;0;0;
99;0;440;4176.41025641026;4407.69230769231;5122.05128205128;4873.84615384615;4569.23076923077;4538.46153846154;4233.33333333333;4232.82051282051;4491.79487179487;4490.76923076923;3862.5641025641;4415.38461538462;4123.58974358974;4327.69230769231;1696;1682;306.399;306.286651611328;0;0;0;0;
100;0;450;4172.82051282051;4402.05128205128;5122.05128205128;4873.33333333333;4569.23076923077;4532.30769230769;4233.33333333333;4230.76923076923;4490.25641025641;4485.64102564103;3858.46153846154;4414.8717948718;4121.02564102564;4328.20512820513;1697;1681;306.407;306.286651611328;0;0;0;0;
101;0;399;4168.71794871795;4396.92307692308;5120;4873.33333333333;4568.20512820513;4543.07692307692;4232.82051282051;4224.61538461538;4491.28205128205;4480;3859.48717948718;4414.8717948718;4121.02564102564;4327.69230769231;1697;1680;306.414;306.286651611328;0;0;0;0;
102;0;457;4169.74358974359;4400;5118.46153846154;4873.33333333333;4567.17948717949;4566.66666666667;4238.97435897436;4223.58974358974;4491.79487179487;4478.46153846154;3858.97435897436;4415.89743589744;4118.97435897436;4325.12820512821;1697;1682;306.422;306.286651611328;0;0;0;0;
103;0;440;4176.92307692308;4407.17948717949;5123.07692307692;4875.38461538462;4568.20512820513;4549.23076923077;4229.23076923077;4226.15384615385;4494.35897435897;4484.61538461538;3863.58974358974;4422.5641025641;4123.58974358974;4329.74358974359;1698;1679;306.43;306.286651611328;0;0;0;0;
104;0;450;4174.8717948718;4404.10256410256;5123.07692307692;4876.41025641026;4569.74358974359;4517.4358974359;4221.02564102564;4225.64102564103;4493.33333333333;4481.53846153846;3866.66666666667;4426.15384615385;4126.15384615385;4330.25641025641;1696;1681;306.438;306.286651611328;0;0;0;0;
105;0;399;4164.10256410256;4392.30769230769;5114.8717948718;4867.69230769231;4565.12820512821;4537.4358974359;4236.92307692308;4229.23076923077;4491.28205128205;4471.79487179487;3855.89743589744;4417.4358974359;4114.8717948718;4316.41025641026;1698;1680;306.446;306.286651611328;0;0;0;0;
106;0;457;4164.10256410256;4391.79487179487;5112.82051282051;4862.05128205128;4563.07692307692;4565.12820512821;4241.02564102564;4236.92307692308;4492.82051282051;4475.38461538462;3852.30769230769;4411.79487179487;4116.41025641026;4314.35897435897;1697;1680;306.454;306.286651611328;0;0;0;0;
107;0;440;4172.82051282051;4397.4358974359;5118.46153846154;4874.35897435897;4568.71794871795;4554.35897435897;4228.20512820513;4244.61538461538;4492.30769230769;4481.53846153846;3868.20512820513;4417.94871794872;4138.97435897436;4329.23076923077;1698;1681;306.461;306.286651611328;0;0;0;0;
108;0;450;4176.92307692308;4393.33333333333;5117.94871794872;4880;4569.23076923077;4557.94871794872;4235.89743589744;4251.79487179487;4492.82051282051;4481.02564102564;3875.38461538462;4418.46153846154;4156.41025641026;4333.84615384615;1698;1681;306.469;306.286651611328;0;0;0;0;
109;0;399;4168.20512820513;4382.05128205128;5110.76923076923;4864.61538461539;4564.61538461538;4578.46153846154;4250.25641025641;4248.20512820513;4494.35897435897;4476.92307692308;3867.69230769231;4411.79487179487;4163.07692307692;4326.15384615385;1699;1681;306.477;306.286651611328;0;0;0;0;
110;0;457;4167.17948717949;4372.30769230769;5110.76923076923;4855.38461538462;4563.58974358974;4562.05128205128;4238.97435897436;4233.33333333333;4491.79487179487;4471.79487179487;3871.28205128205;4407.69230769231;4177.94871794872;4329.23076923077;1698;1681;306.485;306.286651611328;0;0;0;0;
111;0;440;4183.07692307692;4373.84615384615;5117.4358974359;4864.61538461539;4568.20512820513;4544.10256410256;4231.28205128205;4234.35897435897;4491.28205128205;4477.94871794872;3888.71794871795;4414.35897435897;4202.5641025641;4345.12820512821;1699;1681;306.493;306.411773681641;0;0;0;0;
112;0;450;4190.76923076923;4376.41025641026;5117.4358974359;4870.76923076923;4570.76923076923;4571.28205128205;4247.17948717949;4244.61538461538;4495.38461538462;4486.66666666667;3895.89743589744;4422.5641025641;4222.05128205128;4352.30769230769;1698;1682;306.5;306.411773681641;0;0;0;0;
113;0;399;4184.61538461538;4366.66666666667;5114.8717948718;4864.61538461539;4564.61538461538;4604.10256410256;4253.33333333333;4242.05128205128;4491.79487179487;4480.51282051282;3893.33333333333;4420.51282051282;4230.76923076923;4349.74358974359;1699;1682;306.508;306.411773681641;0;0;0;0;
114;0;457;4187.69230769231;4355.89743589744;5118.97435897436;4858.46153846154;4562.05128205128;4617.4358974359;4237.94871794872;4233.33333333333;4489.23076923077;4475.89743589744;3899.48717948718;4418.97435897436;4237.4358974359;4353.33333333333;1699;1683;306.516;306.411773681641;0;0;0;0;
115;0;440;4198.46153846154;4360;5128.20512820513;4866.15384615385;4565.12820512821;4630.76923076923;4228.20512820513;4220;4496.92307692308;4487.17948717949;3910.76923076923;4427.17948717949;4252.30769230769;4363.58974358974;1699;1682;306.524;306.411773681641;0;0;0;0;
116;0;450;4202.05128205128;4368.20512820513;5136.41025641026;4876.92307692308;4563.07692307692;4641.02564102564;4234.35897435897;4220;4498.46153846154;4494.35897435897;3914.35897435898;4436.41025641026;4263.58974358974;4368.71794871795;1698;1683;306.532;306.411773681641;0;0;0;0;
117;0;399;4205.64102564103;4368.71794871795;5136.92307692308;4876.41025641026;4560.51282051282;4629.74358974359;4240;4240;4496.41025641026;4489.74358974359;3918.46153846154;4439.48717948718;4266.66666666667;4372.30769230769;1699;1682;306.54;306.411773681641;0;0;0;0;
118;0;457;4211.28205128205;4364.10256410256;5134.8717948718;4874.8717948718;4561.53846153846;4602.05128205128;4234.35897435897;4246.15384615385;4500.51282051282;4490.25641025641;3926.66666666667;4440;4274.8717948718;4382.05128205128;1697;1682;306.547;306.411773681641;0;0;0;0;
119;0;440;4211.79487179487;4362.05128205128;5136.92307692308;4875.89743589744;4558.46153846154;4577.94871794872;4232.30769230769;4238.97435897436;4503.58974358974;4492.82051282051;3928.71794871795;4443.07692307692;4282.5641025641;4384.61538461538;1698;1682;306.555;306.411773681641;0;0;0;0;
120;0;450;4213.33333333333;4364.10256410256;5138.97435897436;4869.74358974359;4553.84615384615;4556.92307692308;4241.02564102564;4248.71794871795;4504.61538461538;4496.92307692308;3933.84615384615;4446.15384615385;4287.69230769231;4383.58974358974;1698;1681;306.563;306.411773681641;0;0;0;0;
121;0;399;4213.33333333333;4363.07692307692;5136.92307692308;4863.07692307692;4555.38461538462;4537.94871794872;4247.17948717949;4256.41025641026;4512.30769230769;4505.64102564103;3934.8717948718;4445.64102564103;4294.8717948718;4386.66666666667;1697;1682;306.571;306.411773681641;0;0;0;0;
122;0;457;4203.07692307692;4356.92307692308;5134.8717948718;4863.07692307692;4554.35897435897;4532.82051282051;4247.17948717949;4254.35897435897;4522.05128205128;4508.20512820513;3933.33333333333;4442.05128205128;4299.48717948718;4385.64102564103;1698;1681;306.579;306.411773681641;0;0;0;0;
123;0;440;4197.94871794872;4349.23076923077;5130.25641025641;4864.10256410256;4552.82051282051;4543.07692307692;4246.15384615385;4260.51282051282;4521.02564102564;4507.17948717949;3935.38461538462;4441.02564102564;4296.41025641026;4380;1696;1682;306.586;306.411773681641;0;0;0;0;
124;0;450;4202.05128205128;4344.61538461538;5126.15384615385;4863.07692307692;4553.84615384615;4547.69230769231;4244.61538461538;4255.89743589744;4515.38461538462;4506.66666666667;3932.82051282051;4440.51282051282;4293.84615384615;4377.94871794872;1698;1681;306.594;306.411773681641;0;0;0;0;
125;0;399;4202.05128205128;4345.64102564103;5127.17948717949;4861.53846153846;4552.30769230769;4525.64102564103;4240.51282051282;4241.02564102564;4514.8717948718;4506.15384615385;3933.84615384615;4438.97435897436;4299.48717948718;4381.53846153846;1697;1680;306.602;306.411773681641;0;0;0;0;
126;0;457;4198.97435897436;4345.64102564103;5127.17948717949;4861.02564102564;4553.33333333333;4501.53846153846;4242.05128205128;4244.10256410256;4514.8717948718;4504.61538461538;3938.46153846154;4442.5641025641;4301.02564102564;4380;1697;1681;306.61;306.411773681641;0;0;0;0;
127;0;440;4201.02564102564;4347.17948717949;5127.17948717949;4866.66666666667;4553.84615384615;4505.64102564103;4244.61538461538;4248.20512820513;4511.28205128205;4504.61538461538;3938.46153846154;4445.64102564103;4296.41025641026;4377.94871794872;1697;1681;306.618;306.536865234375;0;0;0;0;
128;0;450;4210.25641025641;4355.38461538462;5134.8717948718;4873.84615384615;4555.38461538462;4506.15384615385;4237.4358974359;4245.12820512821;4516.92307692308;4511.79487179487;3940;4449.23076923077;4304.10256410256;4387.69230769231;1697;1681;306.626;306.536865234375;0;0;0;0;
0;0;421;4217.4358974359;4355.38461538462;5140;4878.46153846154;4556.92307692308;4489.74358974359;4231.28205128205;4249.23076923077;4526.15384615385;4522.05128205128;3949.74358974359;4454.35897435897;4316.41025641026;4395.89743589744;1697;1682;306.633;306.536865234375;0;0;0;0;
1;0;433;4212.30769230769;4346.66666666667;5135.89743589744;4877.4358974359;4554.8717948718;4495.89743589744;4234.35897435897;4249.74358974359;4525.12820512821;4524.61538461538;3952.82051282051;4450.25641025641;4314.35897435897;4390.25641025641;1698;1682;306.641;306.536865234375;0;0;0;0;
2;0;463;4203.07692307692;4343.58974358974;5133.33333333333;4869.23076923077;4554.35897435897;4506.66666666667;4234.35897435897;4243.58974358974;4521.53846153846;4515.89743589744;3947.17948717949;4444.61538461538;4308.20512820513;4382.5641025641;1698;1680;306.649;306.536865234375;0;0;0;0;
3;0;479;4201.02564102564;4345.12820512821;5136.92307692308;4866.66666666667;4557.4358974359;4495.89743589744;4232.82051282051;4249.23076923077;4523.07692307692;4513.33333333333;3943.07692307692;4446.66666666667;4310.25641025641;4383.07692307692;1697;1682;306.657;306.536865234375;0;0;0;0;
4;0;470;4203.07692307692;4343.58974358974;5135.38461538462;4874.35897435897;4556.92307692308;4492.30769230769;4236.41025641026;4257.4358974359;4523.07692307692;4518.46153846154;3942.05128205128;4449.23076923077;4310.25641025641;4382.05128205128;1699;1681;306.665;306.536865234375;0;0;0;0;
5;0;472;4196.92307692308;4336.92307692308;5126.66666666667;4870.76923076923;4554.8717948718;4497.94871794872;4241.02564102564;4250.25641025641;4521.02564102564;4513.33333333333;3944.61538461539;4447.69230769231;4304.61538461538;4375.89743589744;1697;1682;306.673;306.536865234375;0;0;0;0;
6;0;485;4185.64102564103;4329.74358974359;5124.10256410256;4860;4554.35897435897;4491.28205128205;4246.66666666667;4247.69230769231;4519.48717948718;4505.12820512821;3942.05128205128;4445.64102564103;4300;4373.84615384615;1699;1681;306.68;306.536865234375;0;0;0;0;
7;0;425;4184.10256410256;4332.82051282051;5129.74358974359;4865.12820512821;4553.84615384615;4487.69230769231;4245.12820512821;4255.38461538462;4521.53846153846;4512.82051282051;3938.97435897436;4446.66666666667;4298.46153846154;4375.38461538462;1698;1681;306.688;306.536865234375;0;0;0;0;
8;0;398;4199.48717948718;4346.15384615385;5132.82051282051;4877.4358974359;4561.02564102564;4497.94871794872;4234.8717948718;4254.8717948718;4525.64102564103;4525.12820512821;3947.69230769231;4451.28205128205;4308.71794871795;4380.51282051282;1699;1682;306.696;306.536865234375;0;0;0;0;
9;0;422;4203.58974358974;4345.64102564103;5130.25641025641;4874.35897435897;4569.23076923077;4505.12820512821;4237.94871794872;4250.25641025641;4525.12820512821;4522.5641025641;3952.82051282051;4450.25641025641;4317.94871794872;4380.51282051282;1698;1681;306.704;306.536865234375;0;0;0;0;
10;0;455;4182.05128205128;4325.64102564103;5123.58974358974;4860.51282051282;4564.10256410256;4510.25641025641;4250.25641025641;4244.61538461538;4520;4511.79487179487;3939.48717948718;4440;4304.61538461538;4366.15384615385;1698;1682;306.712;306.536865234375;0;0;0;0;
11;0;440;4170.76923076923;4313.33333333333;5117.94871794872;4853.84615384615;4554.8717948718;4511.28205128205;4252.30769230769;4233.33333333333;4516.92307692308;4506.15384615385;3930.76923076923;4435.38461538462;4291.28205128205;4354.8717948718;1698;1682;306.719;306.536865234375;0;0;0;0;
12;0;450;4181.02564102564;4317.4358974359;5119.48717948718;4858.46153846154;4553.33333333333;4500;4243.58974358974;4228.20512820513;4513.84615384615;4506.66666666667;3937.94871794872;4438.46153846154;4294.8717948718;4362.5641025641;1698;1681;306.727;306.536865234375;0;0;0;0;
13;0;399;4178.46153846154;4315.38461538462;5121.02564102564;4855.38461538462;4553.33333333333;4491.28205128205;4237.4358974359;4234.35897435897;4508.20512820513;4505.12820512821;3934.35897435898;4435.89743589744;4293.84615384615;4365.64102564103;1697;1681;306.735;306.536865234375;0;0;0;0;
14;0;455;4165.12820512821;4307.17948717949;5117.4358974359;4844.10256410256;4552.30769230769;4498.97435897436;4238.97435897436;4234.35897435897;4507.17948717949;4501.02564102564;3924.10256410256;4430.25641025641;4284.10256410256;4353.84615384615;1697;1682;306.743;306.661987304688;0;0;0;0;
15;0;440;4168.20512820513;4311.28205128205;5118.97435897436;4845.12820512821;4552.82051282051;4513.84615384615;4238.97435897436;4231.28205128205;4508.20512820513;4503.07692307692;3924.10256410256;4432.30769230769;4284.61538461538;4350.25641025641;1698;1681;306.751;306.661987304688;0;0;0;0;
16;0;0;4175.89743589744;4314.35897435897;5121.53846153846;4850.25641025641;4551.28205128205;4518.46153846154;4232.30769230769;4238.97435897436;4510.76923076923;4506.66666666667;3930.25641025641;4435.89743589744;4287.69230769231;4356.92307692308;1696;1682;306.759;306.661987304688;0;0;0;0;
17;0;0;4173.33333333333;4311.79487179487;5115.89743589744;4847.17948717949;4550.76923076923;4527.17948717949;4229.23076923077;4245.12820512821;4514.8717948718;4506.15384615385;3932.82051282051;4433.84615384615;4282.05128205128;4361.53846153846;1698;1682;306.766;306.661987304688;0;0;0;0;
18;0;0;4171.28205128205;4319.48717948718;5114.8717948718;4848.20512820513;4555.38461538462;4537.4358974359;4231.28205128205;4244.61538461538;4518.97435897436;4508.71794871795;3935.38461538462;4434.35897435897;4283.07692307692;4363.58974358974;1697;1682;306.774;306.661987304688;0;0;0;0;
19;0;0;4167.69230769231;4320.51282051282;5115.89743589744;4848.71794871795;4556.41025641026;4531.28205128205;4231.79487179487;4249.23076923077;4516.41025641026;4506.15384615385;3933.33333333333;4433.84615384615;4282.05128205128;4356.92307692308;1698;1682;306.782;306.661987304688;0;0;0;0;
20;0;0;4165.12820512821;4312.30769230769;5107.69230769231;4844.61538461539;4553.33333333333;4519.48717948718;4238.97435897436;4254.35897435897;4509.74358974359;4501.02564102564;3929.74358974359;4429.23076923077;4270.76923076923;4346.66666666667;1699;1681;306.79;306.661987304688;0;0;0;0;
21;0;0;4170.25641025641;4316.92307692308;5108.20512820513;4849.74358974359;4554.8717948718;4520.51282051282;4247.69230769231;4249.23076923077;4513.84615384615;4505.64102564103;3929.74358974359;4427.69230769231;4265.12820512821;4349.23076923077;1699;1682;306.798;306.661987304688;0;0;0;0;
22;0;0;4168.71794871795;4322.05128205128;5113.84615384615;4854.8717948718;4556.41025641026;4537.4358974359;4247.17948717949;4247.69230769231;4518.97435897436;4506.15384615385;3926.66666666667;4425.12820512821;4269.74358974359;4351.79487179487;1700;1681;306.805;306.661987304688;0;0;0;0;
23;0;0;4162.5641025641;4313.33333333333;5111.79487179487;4845.64102564103;4554.35897435897;4541.53846153846;4246.15384615385;4250.76923076923;4512.30769230769;4494.8717948718;3922.05128205128;4421.53846153846;4266.15384615385;4346.15384615385;1700;1682;306.813;306.661987304688;0;0;0;0;
24;0;0;4162.05128205128;4312.30769230769;5110.25641025641;4840;4552.82051282051;4530.25641025641;4244.61538461538;4237.94871794872;4504.10256410256;4488.20512820513;3920;4423.58974358974;4249.23076923077;4341.02564102564;1701;1682;306.821;306.661987304688;0;0;0;0;
25;0;0;4163.07692307692;4318.97435897436;5110.76923076923;4847.17948717949;4554.35897435897;4545.12820512821;4235.38461538462;4227.69230769231;4503.07692307692;4489.74358974359;3917.94871794872;4426.15384615385;4244.61538461538;4342.05128205128;1701;1683;306.829;306.661987304688;0;0;0;0;
26;0;0;4156.92307692308;4315.89743589744;5110.25641025641;4848.71794871795;4553.33333333333;4560.51282051282;4229.74358974359;4229.74358974359;4503.58974358974;4489.74358974359;3914.35897435898;4422.05128205128;4251.28205128205;4343.58974358974;1702;1681;306.837;306.661987304688;0;0;0;0;
27;0;0;4152.82051282051;4310.25641025641;5110.25641025641;4844.61538461539;4552.82051282051;4549.23076923077;4237.4358974359;4229.74358974359;4501.53846153846;4488.71794871795;3909.23076923077;4417.94871794872;4244.61538461538;4337.4358974359;1701;1683;306.845;306.661987304688;0;0;0;0;
28;0;0;4155.38461538462;4312.30769230769;5108.71794871795;4844.10256410256;4555.38461538462;4561.53846153846;4243.58974358974;4235.89743589744;4505.12820512821;4488.71794871795;3909.74358974359;4421.02564102564;4233.84615384615;4331.79487179487;1703;1681;306.852;306.661987304688;0;0;0;0;
29;0;0;4154.8717948718;4313.33333333333;5105.64102564103;4846.66666666667;4554.8717948718;4586.66666666667;4242.05128205128;4248.71794871795;4511.28205128205;4496.41025641026;3918.97435897436;4424.61538461538;4241.53846153846;4334.8717948718;1701;1680;306.86;306.661987304688;0;0;0;0;
30;0;0;4153.84615384615;4315.89743589744;5106.66666666667;4846.66666666667;4554.8717948718;4557.94871794872;4248.71794871795;4249.74358974359;4515.38461538462;4504.10256410256;3926.66666666667;4424.61538461538;4249.74358974359;4341.53846153846;1702;1681;306.868;306.787078857422;0;0;0;0;
31;0;0;4157.94871794872;4318.97435897436;5107.69230769231;4847.17948717949;4555.89743589744;4513.33333333333;4250.76923076923;4246.15384615385;4512.30769230769;4497.94871794872;3922.05128205128;4421.53846153846;4239.48717948718;4339.48717948718;1701;1679;306.876;306.787078857422;0;0;0;0;
32;0;0;4153.84615384615;4312.82051282051;5100.51282051282;4852.30769230769;4554.8717948718;4515.89743589744;4236.92307692308;4247.69230769231;4505.64102564103;4489.23076923077;3909.74358974359;4414.35897435897;4228.71794871795;4329.74358974359;1699;1680;306.884;306.787078857422;0;0;0;0;
33;0;0;4145.12820512821;4307.17948717949;5095.38461538462;4852.30769230769;4555.38461538462;4538.97435897436;4234.35897435897;4248.20512820513;4505.12820512821;4486.15384615385;3902.05128205128;4409.74358974359;4223.58974358974;4323.07692307692;1699;1680;306.891;306.787078857422;0;0;0;0;
34;0;0;4145.12820512821;4309.74358974359;5096.92307692308;4845.12820512821;4555.38461538462;4545.12820512821;4248.71794871795;4247.17948717949;4506.15384615385;4480;3902.5641025641;4409.74358974359;4216.41025641026;4322.5641025641;1698;1680;306.899;306.818359375;0;0;0;0;
35;0;0;4143.58974358974;4311.28205128205;5097.94871794872;4842.5641025641;4554.8717948718;4537.4358974359;4249.23076923077;4243.58974358974;4502.5641025641;4473.84615384615;3906.15384615385;4410.76923076923;4213.33333333333;4322.05128205128;1697;1680;306.907;306.818359375;0;0;0;0;
36;0;0;4140;4308.71794871795;5097.94871794872;4845.64102564103;4554.8717948718;4538.46153846154;4237.94871794872;4235.89743589744;4497.94871794872;4474.8717948718;3904.61538461539;4411.79487179487;4217.4358974359;4321.53846153846;1696;1681;306.915;306.818359375;0;0;0;0;
37;0;0;4148.20512820513;4314.8717948718;5102.5641025641;4850.76923076923;4555.38461538462;4546.15384615385;4233.84615384615;4231.28205128205;4500;4481.02564102564;3904.10256410256;4415.38461538462;4223.58974358974;4327.17948717949;1696;1680;306.923;306.818359375;0;0;0;0;
38;0;0;4158.97435897436;4325.12820512821;5107.17948717949;4857.94871794872;4554.35897435897;4533.33333333333;4232.30769230769;4230.25641025641;4506.66666666667;4488.71794871795;3910.76923076923;4420.51282051282;4229.74358974359;4337.4358974359;1695;1681;306.931;306.818359375;0;0;0;0;
39;0;0;4157.94871794872;4329.23076923077;5109.74358974359;4861.02564102564;4554.8717948718;4524.10256410256;4231.28205128205;4235.38461538462;4508.20512820513;4493.84615384615;3914.35897435898;4420.51282051282;4234.35897435897;4341.53846153846;1696;1681;306.938;306.818359375;0;0;0;0;
40;0;0;4156.92307692308;4329.23076923077;5113.33333333333;4858.97435897436;4556.41025641026;4535.38461538462;4235.38461538462;4247.17948717949;4508.20512820513;4492.82051282051;3911.28205128205;4414.35897435897;4234.35897435897;4338.46153846154;1695;1681;306.959;306.818359375;0;0;0;0;
41;0;0;4158.46153846154;4328.20512820513;5111.79487179487;4858.97435897436;4557.4358974359;4537.94871794872;4235.89743589744;4251.28205128205;4510.25641025641;4492.30769230769;3913.33333333333;4410.76923076923;4225.64102564103;4333.33333333333;1696;1681;306.962;306.818359375;0;0;0;0;
42;0;0;4154.8717948718;4325.64102564103;5104.10256410256;4858.46153846154;4556.41025641026;4533.33333333333;4236.92307692308;4247.69230769231;4510.25641025641;4490.25641025641;3910.76923076923;4408.20512820513;4214.35897435897;4330.25641025641;1696;1681;306.962;306.818359375;0;0;0;0;
43;0;0;4152.30769230769;4320;5102.05128205128;4859.48717948718;4555.38461538462;4534.35897435897;4242.5641025641;4250.25641025641;4507.69230769231;4488.71794871795;3901.02564102564;4404.61538461538;4213.33333333333;4328.20512820513;1697;1680;306.97;306.818359375;0;0;0;0;
44;0;0;4152.30769230769;4320.51282051282;5102.5641025641;4858.46153846154;4561.53846153846;4542.05128205128;4249.74358974359;4250.76923076923;4509.74358974359;4489.74358974359;3902.05128205128;4405.64102564103;4216.41025641026;4327.17948717949;1697;1681;306.977;306.818359375;0;0;0;0;
45;0;0;4151.28205128205;4326.66666666667;5100;4853.33333333333;4568.20512820513;4549.23076923077;4249.23076923077;4247.69230769231;4513.33333333333;4489.74358974359;3905.64102564103;4404.61538461538;4214.35897435897;4327.17948717949;1698;1680;306.985;306.818359375;0;0;0;0;
46;0;0;4150.76923076923;4328.71794871795;5097.94871794872;4853.84615384615;4567.69230769231;4549.23076923077;4248.20512820513;4250.25641025641;4513.33333333333;4490.76923076923;3901.53846153846;4398.97435897436;4213.84615384615;4326.66666666667;1697;1680;306.993;306.912200927734;0;0;0;0;
47;0;0;4153.33333333333;4327.17948717949;5099.48717948718;4858.46153846154;4566.66666666667;4542.05128205128;4257.94871794872;4246.66666666667;4511.79487179487;4491.79487179487;3898.97435897436;4397.94871794872;4215.38461538462;4325.64102564103;1699;1681;307.001;306.912200927734;0;0;0;0;
48;0;0;4154.8717948718;4335.89743589744;5104.10256410256;4860;4569.23076923077;4532.30769230769;4257.94871794872;4234.8717948718;4511.28205128205;4491.79487179487;3901.53846153846;4403.58974358974;4212.82051282051;4327.69230769231;1698;1680;307.009;306.912200927734;0;0;0;0;
49;0;0;4154.35897435897;4344.61538461538;5105.64102564103;4861.53846153846;4569.74358974359;4530.76923076923;4238.46153846154;4232.30769230769;4509.74358974359;4491.28205128205;3907.17948717949;4404.10256410256;4215.89743589744;4328.71794871795;1698;1682;307.017;306.912200927734;0;0;0;0;
50;0;0;4153.84615384615;4339.48717948718;5102.5641025641;4863.58974358974;4567.17948717949;4540;4228.71794871795;4232.82051282051;4505.64102564103;4490.25641025641;3907.17948717949;4398.97435897436;4214.35897435897;4326.15384615385;1699;1681;307.024;306.912200927734;0;0;0;0;
51;0;0;4153.33333333333;4335.89743589744;5102.05128205128;4862.05128205128;4567.17948717949;4546.66666666667;4242.5641025641;4232.30769230769;4506.15384615385;4489.23076923077;3901.53846153846;4401.02564102564;4203.07692307692;4323.07692307692;1697;1683;307.032;306.912200927734;0;0;0;0;
52;0;0;4153.84615384615;4340.51282051282;5105.64102564103;4861.02564102564;4570.25641025641;4538.97435897436;4252.82051282051;4245.64102564103;4516.92307692308;4490.76923076923;3901.02564102564;4408.20512820513;4204.61538461538;4325.64102564103;1698;1682;307.04;306.912200927734;0;0;0;0;
53;0;0;4154.35897435897;4343.07692307692;5104.10256410256;4866.66666666667;4571.79487179487;4537.4358974359;4246.15384615385;4256.41025641026;4522.5641025641;4493.84615384615;3911.28205128205;4412.82051282051;4209.23076923077;4331.79487179487;1697;1682;307.048;306.912200927734;0;0;0;0;
54;0;0;4156.41025641026;4341.53846153846;5103.07692307692;4875.38461538462;4569.74358974359;4555.89743589744;4243.07692307692;4251.28205128205;4516.41025641026;4492.82051282051;3911.79487179487;4412.30769230769;4203.07692307692;4332.30769230769;1697;1682;307.056;306.912200927734;0;0;0;0;
55;0;0;4163.07692307692;4340.51282051282;5106.15384615385;4875.89743589744;4568.71794871795;4572.82051282051;4246.66666666667;4246.15384615385;4513.33333333333;4491.28205128205;3905.12820512821;4412.30769230769;4203.58974358974;4332.30769230769;1696;1682;307.063;306.912200927734;0;0;0;0;
56;0;0;4169.74358974359;4343.07692307692;5108.20512820513;4866.15384615385;4570.76923076923;4573.33333333333;4246.15384615385;4249.23076923077;4520.51282051282;4492.82051282051;3911.79487179487;4418.46153846154;4209.23076923077;4337.4358974359;1697;1681;307.071;306.912200927734;0;0;0;0;
57;0;0;4170.76923076923;4349.74358974359;5110.25641025641;4863.07692307692;4571.79487179487;4567.69230769231;4243.58974358974;4255.38461538462;4521.53846153846;4493.33333333333;3915.89743589744;4420;4209.23076923077;4340.51282051282;1695;1681;307.079;306.912200927734;0;0;0;0;
58;0;0;4169.74358974359;4348.71794871795;5107.69230769231;4862.5641025641;4570.76923076923;4571.28205128205;4249.23076923077;4258.46153846154;4511.79487179487;4490.76923076923;3911.79487179487;4416.92307692308;4205.64102564103;4339.48717948718;1697;1680;307.087;306.912200927734;0;0;0;0;
59;0;0;4167.69230769231;4341.53846153846;5107.69230769231;4860.51282051282;4568.20512820513;4573.84615384615;4251.28205128205;4251.28205128205;4506.15384615385;4489.74358974359;3909.23076923077;4420;4203.07692307692;4340.51282051282;1696;1680;307.095;306.912200927734;0;0;0;0;
60;0;0;4169.23076923077;4343.58974358974;5112.82051282051;4866.66666666667;4569.74358974359;4559.48717948718;4241.53846153846;4244.10256410256;4513.33333333333;4490.76923076923;3911.79487179487;4425.64102564103;4207.17948717949;4344.61538461538;1696;1682;307.103;306.912200927734;0;0;0;0;
61;0;0;4173.84615384615;4348.20512820513;5112.82051282051;4870.25641025641;4573.84615384615;4545.12820512821;4235.38461538462;4248.71794871795;4514.35897435897;4493.84615384615;3915.38461538462;4427.69230769231;4214.35897435897;4346.66666666667;1697;1680;307.11;306.912200927734;0;0;0;0;
62;0;0;4174.35897435897;4346.66666666667;5111.79487179487;4863.58974358974;4573.33333333333;4537.94871794872;4234.8717948718;4251.79487179487;4511.79487179487;4494.35897435897;3912.82051282051;4429.74358974359;4208.71794871795;4344.61538461538;1696;1682;307.118;307.037292480469;0;0;0;0;
63;0;0;4170.25641025641;4344.61538461538;5112.30769230769;4860;4570.25641025641;4528.71794871795;4238.46153846154;4245.64102564103;4514.35897435897;4493.33333333333;3908.20512820513;4427.69230769231;4198.46153846154;4340;1698;1682;307.126;307.037292480469;0;0;0;0;
64;0;421;4168.20512820513;4341.02564102564;5108.71794871795;4861.53846153846;4569.74358974359;4523.07692307692;4247.69230769231;4244.10256410256;4515.89743589744;4492.82051282051;3909.74358974359;4423.07692307692;4201.02564102564;4337.4358974359;1697;1681;307.134;307.037292480469;0;0;0;0;
65;0;433;4170.76923076923;4336.92307692308;5105.12820512821;4860.51282051282;4571.79487179487;4522.05128205128;4251.79487179487;4255.89743589744;4516.92307692308;4493.33333333333;3913.84615384615;4423.58974358974;4200.51282051282;4337.94871794872;1698;1681;307.142;307.037292480469;0;0;0;0;
66;0;463;4167.69230769231;4338.97435897436;5108.71794871795;4859.48717948718;4568.20512820513;4520.51282051282;4249.23076923077;4271.79487179487;4516.41025641026;4490.25641025641;3905.64102564103;4423.58974358974;4191.28205128205;4335.38461538462;1698;1681;307.149;307.037292480469;0;0;0;0;
67;0;479;4162.05128205128;4341.02564102564;5104.10256410256;4858.46153846154;4566.15384615385;4531.28205128205;4250.76923076923;4278.97435897436;4514.35897435897;4484.61538461538;3894.8717948718;4419.48717948718;4185.12820512821;4329.74358974359;1699;1681;307.157;307.037292480469;0;0;0;0;
68;0;470;4162.5641025641;4337.94871794872;5096.92307692308;4855.89743589744;4566.15384615385;4541.53846153846;4252.30769230769;4272.30769230769;4513.84615384615;4484.10256410256;3896.92307692308;4416.41025641026;4182.5641025641;4327.17948717949;1698;1681;307.165;307.037292480469;0;0;0;0;
69;0;472;4167.17948717949;4337.4358974359;5102.05128205128;4856.41025641026;4560.51282051282;4537.94871794872;4248.71794871795;4265.64102564103;4515.38461538462;4489.23076923077;3902.5641025641;4419.48717948718;4183.58974358974;4330.25641025641;1699;1681;307.173;307.037292480469;0;0;0;0;
70;0;485;4169.23076923077;4343.07692307692;5107.17948717949;4860;4561.02564102564;4534.35897435897;4245.12820512821;4268.20512820513;4517.4358974359;4492.30769230769;3905.12820512821;4422.5641025641;4191.28205128205;4334.8717948718;1698;1680;307.181;307.037292480469;0;0;0;0;
71;0;425;4169.74358974359;4349.23076923077;5104.61538461539;4862.5641025641;4566.66666666667;4538.46153846154;4237.94871794872;4266.66666666667;4517.4358974359;4491.79487179487;3904.61538461539;4421.02564102564;4192.30769230769;4334.8717948718;1698;1681;307.189;307.037292480469;0;0;0;0;
72;0;398;4170.25641025641;4353.84615384615;5105.64102564103;4867.17948717949;4567.69230769231;4540.51282051282;4230.76923076923;4254.35897435897;4514.8717948718;4491.79487179487;3903.58974358974;4419.48717948718;4187.69230769231;4334.8717948718;1699;1680;307.196;307.037292480469;0;0;0;0;
73;0;422;4169.74358974359;4357.94871794872;5111.79487179487;4873.84615384615;4565.12820512821;4548.20512820513;4230.76923076923;4247.69230769231;4512.30769230769;4491.79487179487;3906.66666666667;4421.02564102564;4192.82051282051;4336.92307692308;1697;1681;307.204;307.037292480469;0;0;0;0;
74;0;455;4170.76923076923;4359.48717948718;5111.28205128205;4873.84615384615;4567.69230769231;4559.48717948718;4233.84615384615;4250.76923076923;4511.28205128205;4490.25641025641;3912.30769230769;4423.58974358974;4197.94871794872;4341.02564102564;1698;1680;307.212;307.037292480469;0;0;0;0;
75;0;440;4169.74358974359;4357.4358974359;5102.5641025641;4870.25641025641;4570.25641025641;4560.51282051282;4233.84615384615;4250.25641025641;4506.15384615385;4487.17948717949;3912.30769230769;4423.07692307692;4187.69230769231;4341.02564102564;1697;1681;307.22;307.037292480469;0;0;0;0;
76;0;450;4167.69230769231;4353.84615384615;5099.48717948718;4874.8717948718;4564.61538461538;4555.89743589744;4232.82051282051;4247.17948717949;4504.61538461538;4486.15384615385;3907.69230769231;4422.05128205128;4182.5641025641;4334.8717948718;1697;1681;307.228;307.037292480469;0;0;0;0;
77;0;399;4169.74358974359;4355.38461538462;5108.71794871795;4872.82051282051;4559.48717948718;4545.12820512821;4235.38461538462;4250.25641025641;4510.76923076923;4488.71794871795;3910.76923076923;4424.10256410256;4188.20512820513;4333.33333333333;1697;1681;307.236;307.037292480469;0;0;0;0;
78;0;455;4167.69230769231;4358.46153846154;5113.33333333333;4861.02564102564;4562.05128205128;4534.35897435897;4243.07692307692;4253.33333333333;4514.8717948718;4489.74358974359;3914.35897435898;4426.15384615385;4185.64102564103;4336.92307692308;1696;1681;307.243;307.162414550781;0;0;0;0;
79;0;440;4169.23076923077;4360;5108.71794871795;4864.61538461539;4568.71794871795;4542.05128205128;4249.74358974359;4259.48717948718;4520;4490.76923076923;3912.30769230769;4431.28205128205;4186.66666666667;4342.5641025641;1696;1681;307.251;307.162414550781;0;0;0;0;
80;0;450;4181.02564102564;4364.10256410256;5113.33333333333;4880;4572.82051282051;4554.8717948718;4246.15384615385;4270.76923076923;4524.10256410256;4494.8717948718;3916.92307692308;4438.46153846154;4196.41025641026;4347.69230769231;1697;1680;307.259;307.162414550781;0;0;0;0;
81;0;399;4181.53846153846;4361.53846153846;5116.92307692308;4876.41025641026;4570.25641025641;4546.15384615385;4245.64102564103;4270.76923076923;4520.51282051282;4491.28205128205;3920.51282051282;4436.92307692308;4193.84615384615;4345.12820512821;1697;1680;307.267;307.162414550781;0;0;0;0;
82;0;455;4167.69230769231;4350.76923076923;5107.17948717949;4863.58974358974;4561.02564102564;4525.12820512821;4248.20512820513;4268.71794871795;4510.25641025641;4478.97435897436;3914.35897435898;4427.17948717949;4182.05128205128;4333.84615384615;1696;1681;307.275;307.162414550781;0;0;0;0;
83;0;440;4164.10256410256;4344.61538461538;5102.05128205128;4864.61538461539;4556.41025641026;4514.35897435897;4240;4276.41025641026;4504.10256410256;4474.8717948718;3908.71794871795;4425.64102564103;4180.51282051282;4327.17948717949;1697;1680;307.282;307.162414550781;0;0;0;0;
84;0;450;4170.76923076923;4349.74358974359;5107.17948717949;4868.20512820513;4563.58974358974;4525.64102564103;4231.79487179487;4279.48717948718;4506.15384615385;4475.89743589744;3912.30769230769;4433.33333333333;4185.64102564103;4333.84615384615;1696;1681;307.29;307.162414550781;0;0;0;0;
85;0;399;4171.79487179487;4357.94871794872;5110.76923076923;4869.74358974359;4570.25641025641;4542.05128205128;4233.84615384615;4264.61538461538;4506.66666666667;4480.51282051282;3918.46153846154;4435.38461538462;4186.15384615385;4343.07692307692;1698;1681;307.298;307.162414550781;0;0;0;0;
86;0;455;4169.74358974359;4361.02564102564;5111.79487179487;4874.35897435897;4568.71794871795;4538.46153846154;4234.8717948718;4248.71794871795;4505.64102564103;4486.15384615385;3919.48717948718;4431.28205128205;4184.10256410256;4344.10256410256;1697;1681;307.306;307.162414550781;0;0;0;0;
87;0;440;4169.74358974359;4359.48717948718;5109.23076923077;4872.30769230769;4568.20512820513;4533.33333333333;4240.51282051282;4246.66666666667;4508.71794871795;4482.5641025641;3914.8717948718;4429.74358974359;4184.10256410256;4336.92307692308;1697;1682;307.314;307.162414550781;0;0;0;0;
88;0;450;4169.74358974359;4360.51282051282;5101.02564102564;4862.05128205128;4567.17948717949;4545.64102564103;4245.12820512821;4249.74358974359;4510.25641025641;4477.94871794872;3911.28205128205;4426.66666666667;4182.05128205128;4330.76923076923;1697;1681;307.322;307.162414550781;0;0;0;0;
89;0;399;4165.64102564103;4363.58974358974;5102.05128205128;4859.48717948718;4567.17948717949;4547.69230769231;4236.41025641026;4246.66666666667;4506.15384615385;4478.46153846154;3910.25641025641;4422.05128205128;4174.8717948718;4329.23076923077;1697;1682;307.329;307.162414550781;0;0;0;0;
90;0;455;4162.05128205128;4358.46153846154;5104.61538461539;4869.74358974359;4569.23076923077;4537.94871794872;4234.8717948718;4242.05128205128;4506.15384615385;4476.41025641026;3909.74358974359;4421.53846153846;4168.71794871795;4329.23076923077;1697;1682;307.337;307.162414550781;0;0;0;0;
91;0;440;4165.64102564103;4353.84615384615;5100.51282051282;4873.33333333333;4568.71794871795;4544.61538461538;4249.23076923077;4248.20512820513;4505.64102564103;4471.79487179487;3909.23076923077;4421.53846153846;4170.76923076923;4329.23076923077;1697;1682;307.345;307.162414550781;0;0;0;0;
92;0;450;4169.23076923077;4356.41025641026;5097.94871794872;4866.66666666667;4567.17948717949;4555.38461538462;4249.74358974359;4250.76923076923;4496.92307692308;4472.30769230769;3906.15384615385;4418.46153846154;4171.28205128205;4328.20512820513;1696;1682;307.353;307.162414550781;0;0;0;0;
93;0;399;4166.15384615385;4359.48717948718;5099.48717948718;4862.5641025641;4567.17948717949;4555.89743589744;4237.4358974359;4244.61538461538;4496.41025641026;4474.8717948718;3902.05128205128;4417.4358974359;4167.69230769231;4326.66666666667;1697;1682;307.361;307.162414550781;0;0;0;0;
94;0;455;4166.66666666667;4363.07692307692;5103.58974358974;4868.71794871795;4567.69230769231;4552.30769230769;4232.82051282051;4243.07692307692;4502.5641025641;4471.28205128205;3898.46153846154;4421.02564102564;4168.20512820513;4328.71794871795;1697;1681;307.368;307.287506103516;0;0;0;0;
95;0;440;4170.76923076923;4367.17948717949;5105.64102564103;4873.33333333333;4567.17948717949;4545.64102564103;4236.92307692308;4248.20512820513;4500;4465.64102564103;3895.89743589744;4419.48717948718;4170.76923076923;4330.25641025641;1697;1682;307.376;307.287506103516;0;0;0;0;
96;0;450;4168.20512820513;4366.15384615385;5103.58974358974;4871.28205128205;4566.66666666667;4539.48717948718;4242.5641025641;4251.79487179487;4497.94871794872;4466.15384615385;3898.97435897436;4414.8717948718;4169.23076923077;4329.23076923077;1697;1681;307.384;307.287506103516;0;0;0;0;
97;0;399;4169.23076923077;4364.61538461538;5104.61538461539;4874.35897435897;4568.20512820513;4543.58974358974;4237.94871794872;4250.25641025641;4505.64102564103;4472.82051282051;3905.12820512821;4419.48717948718;4169.23076923077;4331.79487179487;1697;1681;307.392;307.287506103516;0;0;0;0;
98;0;455;4176.92307692308;4370.25641025641;5112.30769230769;4876.41025641026;4569.74358974359;4561.53846153846;4237.94871794872;4248.20512820513;4506.66666666667;4473.33333333333;3907.17948717949;4425.64102564103;4170.76923076923;4336.92307692308;1697;1681;307.4;307.287506103516;0;0;0;0;
99;0;440;4176.41025641026;4378.46153846154;5114.35897435897;4874.35897435897;4569.74358974359;4573.33333333333;4249.23076923077;4251.28205128205;4504.10256410256;4473.84615384615;3906.15384615385;4426.66666666667;4172.30769230769;4339.48717948718;1698;1681;307.408;307.287506103516;0;0;0;0;
100;0;450;4172.82051282051;4378.46153846154;5111.28205128205;4874.8717948718;4570.25641025641;4555.38461538462;4245.12820512821;4247.69230769231;4507.69230769231;4476.92307692308;3908.20512820513;4429.74358974359;4172.30769230769;4336.92307692308;1698;1680;307.415;307.287506103516;0;0;0;0;
101;0;399;4175.89743589744;4370.76923076923;5111.28205128205;4875.38461538462;4569.74358974359;4533.84615384615;4229.23076923077;4233.33333333333;4505.64102564103;4473.33333333333;3908.20512820513;4431.28205128205;4169.23076923077;4334.8717948718;1697;1682;307.423;307.287506103516;0;0;0;0;
102;0;455;4175.89743589744;4372.82051282051;5110.25641025641;4877.94871794872;4568.20512820513;4538.97435897436;4228.71794871795;4225.64102564103;4502.5641025641;4469.74358974359;3904.61538461539;4428.71794871795;4168.71794871795;4338.46153846154;1699;1680;307.431;307.287506103516;0;0;0;0;
103;0;440;4172.30769230769;4381.02564102564;5109.23076923077;4879.48717948718;4570.25641025641;4542.05128205128;4236.41025641026;4230.25641025641;4505.64102564103;4471.28205128205;3897.94871794872;4424.10256410256;4169.74358974359;4336.92307692308;1697;1682;307.439;307.287506103516;0;0;0;0;
104;0;450;4170.76923076923;4376.92307692308;5107.17948717949;4877.94871794872;4568.71794871795;4519.48717948718;4230.25641025641;4229.74358974359;4501.02564102564;4465.12820512821;3892.30769230769;4419.48717948718;4163.07692307692;4328.71794871795;1698;1681;307.447;307.287506103516;0;0;0;0;
105;0;399;4167.69230769231;4369.74358974359;5103.07692307692;4874.8717948718;4560.51282051282;4506.66666666667;4222.5641025641;4227.17948717949;4491.79487179487;4457.94871794872;3892.30769230769;4416.92307692308;4153.33333333333;4325.64102564103;1698;1681;307.454;307.287506103516;0;0;0;0;
106;0;455;4166.15384615385;4368.20512820513;5100;4873.33333333333;4560;4516.41025641026;4227.17948717949;4230.25641025641;4494.8717948718;4464.10256410256;3893.33333333333;4416.92307692308;4152.30769230769;4328.20512820513;1698;1682;307.462;307.287506103516;0;0;0;0;
107;0;440;4168.71794871795;4369.23076923077;5104.61538461539;4874.35897435897;4568.20512820513;4525.12820512821;4233.84615384615;4232.30769230769;4503.58974358974;4472.30769230769;3896.41025641026;4419.48717948718;4156.41025641026;4329.74358974359;1698;1681;307.47;307.287506103516;0;0;0;0;
108;0;450;4167.69230769231;4368.20512820513;5107.69230769231;4875.38461538462;4569.23076923077;4521.02564102564;4232.30769230769;4238.46153846154;4501.53846153846;4471.79487179487;3896.41025641026;4420.51282051282;4157.4358974359;4327.17948717949;1698;1682;307.478;307.287506103516;0;0;0;0;
109;0;399;4164.61538461538;4370.76923076923;5104.10256410256;4875.89743589744;4566.15384615385;4517.94871794872;4230.25641025641;4241.02564102564;4500.51282051282;4468.20512820513;3895.38461538462;4418.97435897436;4152.82051282051;4323.07692307692;1698;1682;307.486;307.287506103516;0;0;0;0;
110;0;455;4166.66666666667;4374.35897435897;5107.69230769231;4874.35897435897;4567.69230769231;4533.84615384615;4235.38461538462;4234.35897435897;4505.64102564103;4469.74358974359;3895.38461538462;4420.51282051282;4155.89743589744;4326.66666666667;1698;1682;307.494;307.412628173828;0;0;0;0;
111;0;440;4169.23076923077;4372.82051282051;5111.79487179487;4874.35897435897;4570.25641025641;4546.15384615385;4238.46153846154;4231.79487179487;4507.17948717949;4473.84615384615;3895.89743589744;4425.64102564103;4167.17948717949;4332.82051282051;1697;1681;307.501;307.412628173828;0;0;0;0;
112;0;450;4170.25641025641;4373.84615384615;5107.69230769231;4875.89743589744;4566.15384615385;4529.23076923077;4233.84615384615;4237.94871794872;4505.64102564103;4476.92307692308;3897.4358974359;4425.64102564103;4166.66666666667;4332.30769230769;1697;1682;307.509;307.412628173828;0;0;0;0;
113;0;399;4168.71794871795;4376.92307692308;5105.12820512821;4873.84615384615;4561.53846153846;4506.66666666667;4229.23076923077;4243.07692307692;4505.64102564103;4473.33333333333;3896.92307692308;4422.5641025641;4158.46153846154;4329.74358974359;1698;1681;307.517;307.412628173828;0;0;0;0;
114;0;455;4167.17948717949;4378.46153846154;5109.74358974359;4871.79487179487;4563.58974358974;4515.38461538462;4230.76923076923;4248.20512820513;4505.12820512821;4468.71794871795;3896.92307692308;4423.07692307692;4163.07692307692;4333.33333333333;1696;1681;307.525;307.412628173828;0;0;0;0;
115;0;440;4171.28205128205;4382.05128205128;5109.74358974359;4876.92307692308;4571.28205128205;4536.92307692308;4234.35897435897;4249.23076923077;4507.17948717949;4475.38461538462;3900.51282051282;4424.10256410256;4173.33333333333;4338.46153846154;1698;1681;307.533;307.412628173828;0;0;0;0;
116;0;450;4171.28205128205;4382.05128205128;5102.05128205128;4878.97435897436;4572.30769230769;4539.48717948718;4233.84615384615;4237.4358974359;4506.15384615385;4475.89743589744;3899.48717948718;4419.48717948718;4168.20512820513;4335.38461538462;1697;1681;307.54;307.412628173828;0;0;0;0;
117;0;399;4160.51282051282;4374.35897435897;5100;4873.84615384615;4564.10256410256;4536.92307692308;4232.30769230769;4230.76923076923;4498.97435897436;4461.53846153846;3894.35897435898;4414.35897435897;4153.84615384615;4326.66666666667;1697;1682;307.548;307.412628173828;0;0;0;0;
118;0;455;4156.92307692308;4372.30769230769;5103.07692307692;4874.35897435897;4561.53846153846;4543.07692307692;4234.8717948718;4232.82051282051;4498.97435897436;4459.48717948718;3894.35897435898;4416.92307692308;4155.89743589744;4324.10256410256;1697;1680;307.556;307.412628173828;0;0;0;0;
119;0;440;4166.15384615385;4380;5104.10256410256;4878.97435897436;4566.15384615385;4541.53846153846;4233.84615384615;4234.35897435897;4506.15384615385;4471.28205128205;3896.41025641026;4422.5641025641;4165.64102564103;4330.25641025641;1697;1681;307.564;307.412628173828;0;0;0;0;
120;0;450;4171.28205128205;4384.10256410256;5105.64102564103;4874.35897435897;4569.74358974359;4531.79487179487;4230.25641025641;4234.35897435897;4507.17948717949;4474.8717948718;3892.82051282051;4422.05128205128;4162.5641025641;4337.94871794872;1698;1681;307.572;307.412628173828;0;0;0;0;
121;0;399;4167.69230769231;4382.05128205128;5108.71794871795;4869.74358974359;4567.69230769231;4531.28205128205;4238.97435897436;4232.82051282051;4502.5641025641;4472.30769230769;3890.76923076923;4417.4358974359;4158.97435897436;4337.94871794872;1698;1681;307.58;307.412628173828;0;0;0;0;
