COUNTER;INTERPOLATED;RAW_CQ;AF3;F7;F3; FC5; T7; P7; O1; O2;P8;T8; FC6; F4;F8; AF4;GYROX; GYROY; TIMESTAMP; ES_TIMESTAMP;FUNC_ID; FUNC_VALUE; MARKER; SYNC_SIGNAL;
41;0;0;4107.17948717949;4318.97435897436;5085.12820512821;4840;4494.8717948718;4500;4195.89743589744;4184.61538461538;4506.15384615385;4411.79487179487;3890.76923076923;4374.35897435897;4084.10256410256;4296.41025641026;1699;1680;225.57;225.20133972168;0;0;0;0;
42;0;0;4110.25641025641;4324.61538461538;5091.28205128205;4845.64102564103;4503.07692307692;4506.15384615385;4195.38461538462;4182.5641025641;4503.07692307692;4413.33333333333;3897.4358974359;4381.02564102564;4085.64102564103;4301.53846153846;1700;1681;225.578;225.20133972168;0;0;0;0;
43;0;0;4106.66666666667;4326.66666666667;5085.64102564103;4845.12820512821;4498.97435897436;4495.38461538462;4185.12820512821;4173.33333333333;4502.5641025641;4413.84615384615;3895.38461538462;4381.02564102564;4090.76923076923;4299.48717948718;1699;1680;225.585;225.20133972168;0;0;0;0;
44;0;0;4105.64102564103;4324.10256410256;5086.66666666667;4840.51282051282;4495.38461538462;4488.71794871795;4185.64102564103;4170.25641025641;4505.12820512821;4414.8717948718;3894.35897435898;4376.41025641026;4089.23076923077;4295.89743589744;1699;1680;225.593;225.20133972168;0;0;0;0;
45;0;0;4107.69230769231;4321.02564102564;5090.25641025641;4842.5641025641;4500;4493.84615384615;4190.76923076923;4172.30769230769;4502.05128205128;4410.76923076923;3892.30769230769;4373.33333333333;4082.05128205128;4293.84615384615;1699;1680;225.601;225.20133972168;0;0;0;0;
46;0;0;4105.64102564103;4319.48717948718;5085.64102564103;4842.5641025641;4501.53846153846;4496.92307692308;4186.66666666667;4171.79487179487;4494.35897435897;4406.66666666667;3885.12820512821;4372.82051282051;4076.92307692308;4287.69230769231;1699;1681;225.609;225.20133972168;0;0;0;0;
47;0;0;4102.05128205128;4318.97435897436;5084.10256410256;4837.4358974359;4501.02564102564;4494.35897435897;4185.12820512821;4170.76923076923;4490.25641025641;4406.66666666667;3879.48717948718;4373.33333333333;4074.8717948718;4283.07692307692;1700;1679;225.617;225.20133972168;0;0;0;0;
48;0;0;4104.10256410256;4320.51282051282;5086.15384615385;4837.4358974359;4504.61538461538;4493.33333333333;4187.17948717949;4170.76923076923;4492.30769230769;4406.66666666667;3881.02564102564;4372.82051282051;4076.41025641026;4288.20512820513;1699;1681;225.625;225.20133972168;0;0;0;0;
49;0;0;4108.71794871795;4325.64102564103;5088.20512820513;4841.53846153846;4504.61538461538;4500.51282051282;4186.15384615385;4170.25641025641;4492.82051282051;4407.69230769231;3886.66666666667;4374.8717948718;4084.10256410256;4295.38461538462;1700;1681;225.632;225.20133972168;0;0;0;0;
50;0;0;4108.71794871795;4325.64102564103;5088.20512820513;4843.07692307692;4503.58974358974;4505.64102564103;4186.15384615385;4170.25641025641;4492.30769230769;4411.79487179487;3885.64102564103;4375.89743589744;4087.17948717949;4291.79487179487;1700;1680;225.64;225.20133972168;0;0;0;0;
51;0;0;4106.15384615385;4319.48717948718;5084.10256410256;4840;4503.58974358974;4503.58974358974;4188.71794871795;4171.79487179487;4493.84615384615;4408.71794871795;3881.02564102564;4368.71794871795;4084.10256410256;4284.61538461538;1700;1680;225.648;225.20133972168;0;0;0;0;
52;0;0;4105.64102564103;4319.48717948718;5080.51282051282;4836.92307692308;4502.05128205128;4503.07692307692;4189.74358974359;4173.84615384615;4493.33333333333;4406.66666666667;3880.51282051282;4365.64102564103;4083.07692307692;4284.61538461538;1700;1680;225.656;225.20133972168;0;0;0;0;
53;0;0;4106.15384615385;4320;5083.07692307692;4837.4358974359;4502.05128205128;4503.58974358974;4187.69230769231;4172.82051282051;4490.25641025641;4410.25641025641;3881.02564102564;4366.15384615385;4080.51282051282;4284.61538461538;1701;1680;225.664;225.20133972168;0;0;0;0;
54;0;0;4106.15384615385;4320;5087.17948717949;4839.48717948718;4502.05128205128;4501.53846153846;4186.15384615385;4173.84615384615;4496.41025641026;4411.28205128205;3882.05128205128;4364.61538461538;4079.48717948718;4284.61538461538;1700;1680;225.672;225.20133972168;0;0;0;0;
55;0;0;4106.15384615385;4325.12820512821;5087.69230769231;4840.51282051282;4504.10256410256;4503.58974358974;4188.20512820513;4181.53846153846;4506.15384615385;4408.20512820513;3889.23076923077;4367.69230769231;4085.64102564103;4290.76923076923;1700;1681;225.679;225.20133972168;0;0;0;0;
56;0;0;4111.79487179487;4327.17948717949;5086.15384615385;4841.02564102564;4506.66666666667;4505.64102564103;4195.38461538462;4186.66666666667;4507.69230769231;4412.82051282051;3895.89743589744;4372.82051282051;4092.30769230769;4296.92307692308;1700;1680;225.704;225.20133972168;0;0;0;0;
57;0;0;4119.48717948718;4325.64102564103;5087.69230769231;4845.12820512821;4506.15384615385;4504.61538461538;4194.8717948718;4186.15384615385;4510.25641025641;4421.53846153846;3895.38461538462;4375.38461538462;4090.76923076923;4296.41025641026;1699;1682;225.704;225.20133972168;0;0;0;0;
58;0;0;4121.02564102564;4326.66666666667;5090.25641025641;4845.12820512821;4507.69230769231;4506.15384615385;4194.35897435897;4189.23076923077;4519.48717948718;4425.64102564103;3896.41025641026;4378.46153846154;4091.79487179487;4297.4358974359;1701;1680;225.704;225.20133972168;0;0;0;0;
59;0;0;4120;4328.20512820513;5090.76923076923;4842.05128205128;4508.71794871795;4507.69230769231;4197.4358974359;4190.76923076923;4518.97435897436;4423.58974358974;3898.46153846154;4379.48717948718;4093.84615384615;4298.97435897436;1699;1681;225.711;225.20133972168;0;0;0;0;
60;0;0;4115.89743589744;4324.10256410256;5087.17948717949;4841.02564102564;4507.17948717949;4507.17948717949;4193.33333333333;4186.15384615385;4509.23076923077;4417.94871794872;3895.38461538462;4372.82051282051;4090.25641025641;4294.8717948718;1700;1681;225.718;225.20133972168;0;0;0;0;
61;0;0;4107.69230769231;4320.51282051282;5084.10256410256;4842.05128205128;4507.17948717949;4507.17948717949;4190.25641025641;4183.07692307692;4506.66666666667;4413.84615384615;3892.82051282051;4366.15384615385;4089.23076923077;4291.79487179487;1698;1681;225.726;225.20133972168;0;0;0;0;
62;0;0;4106.66666666667;4319.48717948718;5084.61538461539;4839.48717948718;4507.69230769231;4507.69230769231;4194.35897435897;4184.10256410256;4508.20512820513;4410.76923076923;3893.33333333333;4364.10256410256;4090.76923076923;4291.28205128205;1699;1682;225.734;225.20133972168;0;0;0;0;
63;0;0;4110.76923076923;4319.48717948718;5084.61538461539;4835.89743589744;4506.15384615385;4506.66666666667;4198.46153846154;4186.66666666667;4508.20512820513;4410.76923076923;3893.84615384615;4367.17948717949;4090.25641025641;4292.30769230769;1699;1682;225.742;225.20133972168;0;0;0;0;
64;0;443;4109.74358974359;4322.05128205128;5084.10256410256;4840;4506.66666666667;4507.17948717949;4194.8717948718;4186.66666666667;4509.23076923077;4413.33333333333;3893.33333333333;4373.33333333333;4089.23076923077;4293.84615384615;1698;1682;225.75;225.20133972168;0;0;0;0;
65;0;384;4108.71794871795;4325.12820512821;5085.12820512821;4845.64102564103;4506.15384615385;4507.17948717949;4190.25641025641;4183.07692307692;4508.71794871795;4413.33333333333;3894.8717948718;4374.35897435897;4091.28205128205;4293.84615384615;1698;1682;225.758;225.709594726563;0;0;0;0;
66;0;469;4111.79487179487;4324.61538461538;5086.66666666667;4844.10256410256;4505.12820512821;4505.64102564103;4189.74358974359;4181.02564102564;4506.66666666667;4412.82051282051;3895.89743589744;4371.79487179487;4093.33333333333;4295.89743589744;1698;1682;225.765;225.709594726563;0;0;0;0;
67;0;481;4111.79487179487;4322.5641025641;5085.64102564103;4840;4508.20512820513;4505.64102564103;4192.82051282051;4185.12820512821;4509.74358974359;4413.84615384615;3894.35897435898;4372.82051282051;4093.33333333333;4296.41025641026;1699;1682;225.773;225.709594726563;0;0;0;0;
68;0;478;4109.23076923077;4321.53846153846;5084.61538461539;4839.48717948718;4503.58974358974;4503.07692307692;4189.23076923077;4183.07692307692;4508.20512820513;4410.25641025641;3891.28205128205;4373.84615384615;4088.20512820513;4292.30769230769;1699;1681;225.781;225.709594726563;0;0;0;0;
69;0;479;4109.23076923077;4319.48717948718;5085.12820512821;4842.5641025641;4496.41025641026;4496.92307692308;4181.53846153846;4171.79487179487;4498.46153846154;4403.07692307692;3889.74358974359;4368.71794871795;4084.10256410256;4291.28205128205;1700;1680;225.789;225.709594726563;0;0;0;0;
70;0;486;4109.74358974359;4320;5085.64102564103;4845.64102564103;4500.51282051282;4490.25641025641;4185.64102564103;4166.15384615385;4491.79487179487;4401.02564102564;3891.79487179487;4365.12820512821;4087.69230769231;4293.33333333333;1698;1681;225.797;225.709594726563;0;0;0;0;
71;0;423;4108.71794871795;4326.15384615385;5085.12820512821;4843.07692307692;4505.64102564103;4492.30769230769;4188.20512820513;4170.25641025641;4492.30769230769;4402.5641025641;3893.33333333333;4370.25641025641;4091.28205128205;4291.79487179487;1700;1681;225.804;225.709594726563;0;0;0;0;
72;0;415;4108.20512820513;4327.69230769231;5085.12820512821;4843.58974358974;4504.10256410256;4502.05128205128;4185.64102564103;4174.35897435897;4497.94871794872;4406.66666666667;3893.33333333333;4373.84615384615;4091.28205128205;4291.79487179487;1700;1680;225.812;225.709594726563;0;0;0;0;
73;0;429;4109.23076923077;4325.64102564103;5087.17948717949;4846.15384615385;4504.61538461538;4506.15384615385;4186.15384615385;4173.33333333333;4503.58974358974;4411.28205128205;3895.38461538462;4369.23076923077;4091.28205128205;4293.84615384615;1700;1681;225.82;225.709594726563;0;0;0;0;
74;0;442;4108.71794871795;4325.64102564103;5083.58974358974;4844.10256410256;4508.20512820513;4504.10256410256;4185.64102564103;4172.82051282051;4504.61538461538;4411.79487179487;3895.89743589744;4366.15384615385;4092.82051282051;4290.76923076923;1700;1681;225.828;225.709594726563;0;0;0;0;
75;0;438;4107.69230769231;4326.66666666667;5080;4843.58974358974;4508.71794871795;4504.10256410256;4186.66666666667;4174.35897435897;4504.10256410256;4411.79487179487;3892.82051282051;4367.17948717949;4094.8717948718;4287.69230769231;1700;1682;225.836;225.709594726563;0;0;0;0;
76;0;462;4107.69230769231;4327.17948717949;5084.61538461539;4846.66666666667;4508.71794871795;4506.15384615385;4187.69230769231;4173.33333333333;4507.17948717949;4414.35897435897;3891.79487179487;4366.66666666667;4096.92307692308;4287.17948717949;1700;1682;225.844;225.709594726563;0;0;0;0;
77;0;438;4106.66666666667;4326.66666666667;5084.61538461539;4841.02564102564;4507.69230769231;4505.64102564103;4188.20512820513;4172.30769230769;4507.17948717949;4414.8717948718;3894.8717948718;4366.15384615385;4096.41025641026;4283.58974358974;1699;1683;225.851;225.709594726563;0;0;0;0;
78;0;442;4104.61538461538;4323.58974358974;5078.46153846154;4832.82051282051;4505.64102564103;4504.10256410256;4186.66666666667;4172.30769230769;4503.07692307692;4410.76923076923;3891.79487179487;4363.07692307692;4091.28205128205;4281.02564102564;1700;1682;225.859;225.709594726563;0;0;0;0;
79;0;438;4104.10256410256;4321.02564102564;5077.4358974359;4835.89743589744;4505.64102564103;4503.58974358974;4185.64102564103;4171.28205128205;4504.61538461538;4407.69230769231;3882.5641025641;4357.4358974359;4088.20512820513;4280.51282051282;1699;1683;225.867;225.709594726563;0;0;0;0;
80;0;462;4105.64102564103;4324.10256410256;5075.89743589744;4837.94871794872;4506.66666666667;4503.07692307692;4183.58974358974;4174.35897435897;4506.66666666667;4407.69230769231;3883.58974358974;4359.48717948718;4092.30769230769;4280.51282051282;1698;1682;225.875;225.709594726563;0;0;0;0;
81;0;438;4107.69230769231;4327.69230769231;5075.89743589744;4838.46153846154;4509.23076923077;4505.12820512821;4185.64102564103;4183.07692307692;4507.69230769231;4411.28205128205;3893.33333333333;4365.64102564103;4096.41025641026;4285.12820512821;1698;1683;225.883;225.709594726563;0;0;0;0;
82;0;442;4109.23076923077;4327.17948717949;5081.02564102564;4841.53846153846;4509.74358974359;4506.66666666667;4192.82051282051;4184.61538461538;4507.17948717949;4412.30769230769;3894.8717948718;4364.61538461538;4097.4358974359;4291.79487179487;1698;1682;225.89;225.709594726563;0;0;0;0;
83;0;438;4109.23076923077;4326.66666666667;5084.61538461539;4842.5641025641;4507.69230769231;4507.17948717949;4194.8717948718;4180;4505.12820512821;4411.28205128205;3891.79487179487;4364.10256410256;4100;4294.8717948718;1698;1682;225.898;225.709594726563;0;0;0;0;
84;0;462;4108.71794871795;4328.20512820513;5082.5641025641;4841.53846153846;4506.15384615385;4507.69230769231;4189.74358974359;4183.07692307692;4505.64102564103;4412.30769230769;3892.82051282051;4367.17948717949;4103.07692307692;4295.38461538462;1698;1681;225.906;225.709594726563;0;0;0;0;
85;0;438;4108.20512820513;4329.74358974359;5083.07692307692;4841.53846153846;4506.15384615385;4505.64102564103;4187.17948717949;4185.64102564103;4507.17948717949;4413.84615384615;3892.30769230769;4368.20512820513;4098.97435897436;4294.35897435897;1698;1681;225.914;225.709594726563;0;0;0;0;
86;0;442;4106.66666666667;4328.20512820513;5084.10256410256;4840;4507.17948717949;4502.05128205128;4186.66666666667;4175.38461538462;4502.5641025641;4413.33333333333;3890.76923076923;4365.64102564103;4095.89743589744;4293.84615384615;1699;1679;225.922;225.709594726563;0;0;0;0;
87;0;438;4110.25641025641;4329.74358974359;5085.64102564103;4841.53846153846;4509.23076923077;4503.07692307692;4185.64102564103;4167.69230769231;4494.8717948718;4414.35897435897;3894.35897435898;4365.64102564103;4101.53846153846;4296.92307692308;1699;1681;225.93;225.709594726563;0;0;0;0;
88;0;462;4119.48717948718;4333.84615384615;5088.20512820513;4848.20512820513;4509.23076923077;4503.07692307692;4185.64102564103;4170.25641025641;4492.30769230769;4416.92307692308;3895.89743589744;4371.79487179487;4107.17948717949;4298.97435897436;1700;1680;225.937;225.709594726563;0;0;0;0;
89;0;438;4122.5641025641;4330.25641025641;5088.20512820513;4846.66666666667;4506.66666666667;4496.92307692308;4185.12820512821;4171.79487179487;4494.35897435897;4416.41025641026;3895.38461538462;4375.89743589744;4107.17948717949;4297.94871794872;1699;1681;225.945;225.709594726563;0;0;0;0;
90;0;442;4118.46153846154;4326.15384615385;5083.07692307692;4838.97435897436;4505.64102564103;4489.74358974359;4182.5641025641;4168.71794871795;4493.84615384615;4413.84615384615;3895.38461538462;4369.74358974359;4103.58974358974;4296.41025641026;1701;1682;225.953;225.709594726563;0;0;0;0;
91;0;438;4120;4333.84615384615;5079.48717948718;4840;4507.69230769231;4492.82051282051;4182.5641025641;4167.69230769231;4490.76923076923;4413.84615384615;3894.8717948718;4365.64102564103;4104.10256410256;4296.41025641026;1700;1680;225.961;225.709594726563;0;0;0;0;
92;0;462;4120;4336.41025641026;5080.51282051282;4845.12820512821;4508.71794871795;4498.46153846154;4183.58974358974;4170.25641025641;4497.4358974359;4418.97435897436;3894.35897435898;4366.15384615385;4106.15384615385;4297.94871794872;1700;1682;225.969;225.709594726563;0;0;0;0;
93;0;438;4109.74358974359;4327.17948717949;5075.89743589744;4839.48717948718;4507.17948717949;4494.35897435897;4184.10256410256;4172.30769230769;4505.12820512821;4420.51282051282;3894.8717948718;4361.53846153846;4100.51282051282;4294.8717948718;1701;1680;225.976;225.709594726563;0;0;0;0;
94;0;442;4105.12820512821;4324.10256410256;5070.25641025641;4835.89743589744;4506.15384615385;4494.8717948718;4183.58974358974;4172.30769230769;4499.48717948718;4415.38461538462;3893.33333333333;4355.89743589744;4097.94871794872;4289.23076923077;1701;1681;225.984;225.709594726563;0;0;0;0;
95;0;438;4110.76923076923;4328.20512820513;5074.35897435897;4842.05128205128;4506.66666666667;4501.02564102564;4182.5641025641;4171.28205128205;4492.30769230769;4412.30769230769;3892.82051282051;4358.97435897436;4098.46153846154;4288.20512820513;1701;1680;225.992;225.709594726563;0;0;0;0;
96;0;462;4112.82051282051;4326.15384615385;5075.89743589744;4843.07692307692;4506.15384615385;4496.92307692308;4184.61538461538;4173.84615384615;4493.84615384615;4410.25641025641;3891.79487179487;4359.48717948718;4093.84615384615;4291.28205128205;1700;1680;226;225.709594726563;0;0;0;0;
97;0;438;4108.20512820513;4324.10256410256;5071.79487179487;4838.46153846154;4504.61538461538;4489.74358974359;4181.02564102564;4172.82051282051;4493.33333333333;4406.15384615385;3885.64102564103;4355.89743589744;4089.74358974359;4287.17948717949;1700;1680;226.008;225.709594726563;0;0;0;0;
98;0;442;4107.69230769231;4327.17948717949;5073.33333333333;4842.5641025641;4506.66666666667;4493.33333333333;4173.33333333333;4164.10256410256;4488.71794871795;4407.17948717949;3880.51282051282;4355.89743589744;4091.79487179487;4281.02564102564;1699;1682;226.016;225.709594726563;0;0;0;0;
99;0;438;4109.23076923077;4328.20512820513;5074.8717948718;4847.69230769231;4508.20512820513;4495.89743589744;4175.38461538462;4157.4358974359;4488.20512820513;4410.76923076923;3881.53846153846;4356.41025641026;4092.30769230769;4281.02564102564;1700;1681;226.023;225.709594726563;0;0;0;0;
100;0;462;4109.23076923077;4325.64102564103;5071.79487179487;4838.97435897436;4505.64102564103;4489.74358974359;4176.41025641026;4156.41025641026;4485.12820512821;4406.66666666667;3881.53846153846;4356.92307692308;4089.23076923077;4282.5641025641;1698;1681;226.031;225.709594726563;0;0;0;0;
101;0;438;4106.66666666667;4325.64102564103;5069.74358974359;4831.79487179487;4503.58974358974;4488.20512820513;4170.25641025641;4155.38461538462;4478.46153846154;4401.02564102564;3880;4357.4358974359;4089.74358974359;4281.02564102564;1698;1680;226.039;225.709594726563;0;0;0;0;
102;0;442;4106.15384615385;4326.66666666667;5068.71794871795;4837.94871794872;4504.10256410256;4489.23076923077;4168.20512820513;4152.30769230769;4475.89743589744;4401.02564102564;3883.07692307692;4356.92307692308;4091.79487179487;4280.51282051282;1698;1680;226.047;225.709594726563;0;0;0;0;
103;0;438;4107.17948717949;4325.64102564103;5068.71794871795;4842.05128205128;4504.10256410256;4490.25641025641;4170.25641025641;4151.79487179487;4480;4405.12820512821;3888.20512820513;4360;4091.28205128205;4281.02564102564;1698;1682;226.055;225.709594726563;0;0;0;0;
104;0;462;4107.17948717949;4324.10256410256;5071.28205128205;4837.4358974359;4501.53846153846;4491.28205128205;4174.35897435897;4157.94871794872;4486.15384615385;4408.20512820513;3890.76923076923;4364.10256410256;4090.76923076923;4278.97435897436;1698;1680;226.062;225.709594726563;0;0;0;0;
105;0;438;4112.30769230769;4327.17948717949;5071.79487179487;4838.46153846154;4502.5641025641;4491.28205128205;4176.92307692308;4166.15384615385;4490.25641025641;4413.33333333333;3894.8717948718;4369.23076923077;4096.92307692308;4285.64102564103;1698;1681;226.07;225.709594726563;0;0;0;0;
106;0;442;4121.53846153846;4332.82051282051;5073.33333333333;4848.20512820513;4508.20512820513;4492.82051282051;4174.8717948718;4170.25641025641;4491.79487179487;4421.53846153846;3897.94871794872;4376.92307692308;4105.64102564103;4295.38461538462;1699;1680;226.078;225.709594726563;0;0;0;0;
107;0;438;4123.58974358974;4336.92307692308;5076.41025641026;4850.76923076923;4509.74358974359;4494.8717948718;4177.94871794872;4170.76923076923;4493.33333333333;4426.66666666667;3898.97435897436;4382.05128205128;4106.15384615385;4295.89743589744;1699;1681;226.086;225.709594726563;0;0;0;0;
108;0;462;4121.53846153846;4338.97435897436;5075.89743589744;4848.20512820513;4513.84615384615;4494.8717948718;4182.05128205128;4172.30769230769;4501.02564102564;4426.66666666667;3901.53846153846;4380;4104.61538461538;4293.84615384615;1699;1681;226.094;225.709594726563;0;0;0;0;
109;0;438;4124.10256410256;4339.48717948718;5073.84615384615;4852.30769230769;4518.46153846154;4494.35897435897;4178.46153846154;4172.82051282051;4504.10256410256;4425.12820512821;3901.53846153846;4380.51282051282;4106.66666666667;4296.92307692308;1699;1682;226.102;225.709594726563;0;0;0;0;
110;0;442;4126.66666666667;4340;5074.35897435897;4853.33333333333;4514.8717948718;4494.35897435897;4178.97435897436;4170.76923076923;4497.4358974359;4424.10256410256;3898.46153846154;4384.10256410256;4108.20512820513;4297.94871794872;1700;1681;226.109;225.709594726563;0;0;0;0;
111;0;438;4123.07692307692;4339.48717948718;5073.33333333333;4848.71794871795;4509.74358974359;4493.33333333333;4186.66666666667;4170.76923076923;4490.76923076923;4420.51282051282;3897.4358974359;4380;4107.17948717949;4294.8717948718;1698;1682;226.117;225.709594726563;0;0;0;0;
112;0;462;4120;4335.38461538462;5071.79487179487;4849.74358974359;4510.76923076923;4491.79487179487;4184.61538461538;4169.74358974359;4492.30769230769;4414.8717948718;3895.89743589744;4373.33333333333;4105.64102564103;4293.33333333333;1699;1683;226.125;225.709594726563;0;0;0;0;
113;0;438;4121.53846153846;4334.8717948718;5073.33333333333;4853.33333333333;4512.82051282051;4491.79487179487;4181.53846153846;4169.74358974359;4493.84615384615;4417.4358974359;3895.89743589744;4376.41025641026;4105.64102564103;4294.8717948718;1699;1681;226.133;225.709594726563;0;0;0;0;
114;0;442;4124.61538461538;4338.46153846154;5074.8717948718;4851.28205128205;4510.25641025641;4490.76923076923;4185.64102564103;4170.76923076923;4494.35897435897;4422.05128205128;3902.05128205128;4383.58974358974;4106.66666666667;4297.4358974359;1699;1683;226.141;225.709594726563;0;0;0;0;
115;0;438;4126.15384615385;4340;5074.35897435897;4850.25641025641;4506.66666666667;4488.71794871795;4181.02564102564;4165.64102564103;4489.23076923077;4415.89743589744;3903.58974358974;4385.12820512821;4106.15384615385;4298.46153846154;1699;1681;226.148;225.709594726563;0;0;0;0;
116;0;462;4126.15384615385;4338.46153846154;5073.33333333333;4852.82051282051;4509.23076923077;4487.69230769231;4171.28205128205;4154.8717948718;4483.07692307692;4407.17948717949;3896.92307692308;4380;4104.61538461538;4297.4358974359;1698;1682;226.156;225.709594726563;0;0;0;0;
117;0;438;4126.15384615385;4340.51282051282;5071.79487179487;4855.38461538462;4518.97435897436;4493.84615384615;4171.79487179487;4152.30769230769;4485.12820512821;4409.23076923077;3893.33333333333;4374.8717948718;4100;4293.33333333333;1699;1681;226.164;225.709594726563;0;0;0;0;
118;0;442;4127.69230769231;4342.05128205128;5072.30769230769;4854.35897435897;4524.10256410256;4503.07692307692;4176.92307692308;4162.05128205128;4491.28205128205;4413.84615384615;3896.41025641026;4371.28205128205;4097.4358974359;4291.79487179487;1697;1681;226.172;225.709594726563;0;0;0;0;
119;0;438;4128.20512820513;4339.48717948718;5072.82051282051;4852.82051282051;4520.51282051282;4504.61538461538;4176.92307692308;4167.69230769231;4490.76923076923;4414.35897435897;3897.4358974359;4372.30769230769;4102.5641025641;4293.33333333333;1699;1680;226.18;225.709594726563;0;0;0;0;
120;0;462;4127.17948717949;4342.5641025641;5072.82051282051;4855.38461538462;4521.53846153846;4497.94871794872;4177.94871794872;4168.71794871795;4490.25641025641;4419.48717948718;3897.4358974359;4374.35897435897;4108.71794871795;4295.89743589744;1699;1680;226.188;225.709594726563;0;0;0;0;
121;0;438;4128.71794871795;4348.71794871795;5073.33333333333;4856.41025641026;4524.10256410256;4495.38461538462;4182.05128205128;4172.30769230769;4500;4424.10256410256;3903.58974358974;4373.84615384615;4108.20512820513;4296.92307692308;1700;1680;226.195;225.709594726563;0;0;0;0;
122;0;442;4130.25641025641;4347.69230769231;5073.84615384615;4853.84615384615;4522.05128205128;4494.8717948718;4180.51282051282;4172.30769230769;4506.15384615385;4423.07692307692;3908.20512820513;4373.33333333333;4107.17948717949;4296.41025641026;1699;1681;226.203;225.709594726563;0;0;0;0;
123;0;438;4130.76923076923;4342.5641025641;5074.35897435897;4852.82051282051;4520.51282051282;4492.30769230769;4181.53846153846;4173.84615384615;4502.5641025641;4422.05128205128;3906.66666666667;4373.84615384615;4109.23076923077;4296.92307692308;1700;1682;226.211;225.709594726563;0;0;0;0;
124;0;462;4129.74358974359;4341.53846153846;5073.33333333333;4851.79487179487;4520.51282051282;4497.94871794872;4187.69230769231;4182.5641025641;4502.5641025641;4426.66666666667;3908.20512820513;4373.33333333333;4112.30769230769;4300.51282051282;1700;1680;226.219;225.709594726563;0;0;0;0;
125;0;438;4127.17948717949;4345.12820512821;5072.30769230769;4850.25641025641;4522.05128205128;4506.15384615385;4187.17948717949;4185.64102564103;4506.66666666667;4429.23076923077;3908.20512820513;4367.69230769231;4111.28205128205;4300.51282051282;1700;1680;226.227;225.709594726563;0;0;0;0;
126;0;442;4123.07692307692;4343.07692307692;5071.79487179487;4849.74358974359;4520.51282051282;4500;4185.64102564103;4181.53846153846;4506.15384615385;4423.07692307692;3900;4359.48717948718;4107.69230769231;4296.41025641026;1702;1679;226.235;225.709594726563;0;0;0;0;
127;0;438;4121.02564102564;4336.92307692308;5069.74358974359;4848.71794871795;4512.30769230769;4491.28205128205;4185.12820512821;4180.51282051282;4500.51282051282;4416.41025641026;3893.84615384615;4354.35897435897;4105.12820512821;4293.33333333333;1700;1681;226.242;225.709594726563;0;0;0;0;
128;0;462;4121.02564102564;4337.4358974359;5067.69230769231;4847.69230769231;4507.69230769231;4492.82051282051;4181.02564102564;4177.4358974359;4494.8717948718;4414.35897435897;3894.35897435898;4353.33333333333;4105.12820512821;4292.82051282051;1702;1681;226.25;225.709594726563;0;0;0;0;
0;0;443;4124.10256410256;4342.05128205128;5071.28205128205;4848.20512820513;4510.76923076923;4494.8717948718;4180.51282051282;4171.79487179487;4491.28205128205;4414.8717948718;3899.48717948718;4359.48717948718;4106.15384615385;4294.35897435897;1701;1680;226.258;226.210021972656;0;0;0;0;
1;0;384;4129.23076923077;4342.5641025641;5075.38461538462;4848.71794871795;4514.8717948718;4492.30769230769;4182.05128205128;4168.20512820513;4490.76923076923;4415.38461538462;3909.23076923077;4364.61538461538;4108.20512820513;4296.92307692308;1701;1681;226.266;226.210021972656;0;0;0;0;
2;0;469;4129.23076923077;4340.51282051282;5072.30769230769;4849.23076923077;4514.8717948718;4491.79487179487;4175.38461538462;4165.12820512821;4487.17948717949;4413.33333333333;3912.82051282051;4361.53846153846;4109.23076923077;4298.46153846154;1701;1681;226.274;226.210021972656;0;0;0;0;
3;0;481;4124.61538461538;4339.48717948718;5070.25641025641;4846.15384615385;4511.79487179487;4491.79487179487;4168.71794871795;4165.12820512821;4486.15384615385;4413.33333333333;3909.23076923077;4356.92307692308;4107.69230769231;4297.4358974359;1701;1681;226.281;226.210021972656;0;0;0;0;
4;0;478;4122.5641025641;4340;5070.76923076923;4846.15384615385;4509.23076923077;4490.76923076923;4171.28205128205;4168.71794871795;4491.28205128205;4415.38461538462;3910.25641025641;4354.8717948718;4106.66666666667;4295.89743589744;1700;1681;226.289;226.210021972656;0;0;0;0;
5;0;479;4122.5641025641;4341.02564102564;5067.17948717949;4850.25641025641;4509.23076923077;4492.82051282051;4171.79487179487;4169.23076923077;4491.28205128205;4414.35897435897;3908.20512820513;4351.79487179487;4107.17948717949;4294.8717948718;1699;1682;226.297;226.210021972656;0;0;0;0;
6;0;486;4121.02564102564;4336.92307692308;5061.53846153846;4846.15384615385;4508.20512820513;4494.8717948718;4175.38461538462;4168.71794871795;4490.76923076923;4412.30769230769;3897.4358974359;4347.17948717949;4104.61538461538;4294.8717948718;1697;1683;226.305;226.210021972656;0;0;0;0;
7;0;423;4119.48717948718;4331.79487179487;5059.48717948718;4843.58974358974;4506.15384615385;4493.33333333333;4180.51282051282;4169.74358974359;4491.28205128205;4412.30769230769;3892.82051282051;4347.17948717949;4100.51282051282;4289.74358974359;1697;1683;226.313;226.210021972656;0;0;0;0;
8;0;415;4121.53846153846;4334.35897435897;5058.46153846154;4846.66666666667;4507.69230769231;4492.30769230769;4179.48717948718;4168.71794871795;4490.25641025641;4411.28205128205;3895.38461538462;4348.71794871795;4098.97435897436;4286.15384615385;1697;1683;226.321;226.210021972656;0;0;0;0;
9;0;429;4122.5641025641;4337.4358974359;5056.92307692308;4844.61538461539;4507.69230769231;4492.82051282051;4180.51282051282;4166.66666666667;4490.25641025641;4407.17948717949;3895.89743589744;4346.15384615385;4097.94871794872;4287.69230769231;1697;1684;226.328;226.210021972656;0;0;0;0;
10;0;442;4120;4334.35897435897;5055.89743589744;4843.07692307692;4505.12820512821;4492.30769230769;4181.53846153846;4165.64102564103;4490.76923076923;4402.05128205128;3891.79487179487;4340.51282051282;4096.41025641026;4284.61538461538;1697;1683;226.336;226.210021972656;0;0;0;0;
11;0;438;4120;4333.84615384615;5060.51282051282;4844.61538461539;4505.12820512821;4494.35897435897;4177.94871794872;4166.15384615385;4489.74358974359;4398.97435897436;3891.28205128205;4342.05128205128;4096.41025641026;4282.05128205128;1697;1682;226.344;226.210021972656;0;0;0;0;
12;0;462;4122.05128205128;4336.92307692308;5066.66666666667;4838.97435897436;4507.69230769231;4498.97435897436;4182.5641025641;4166.66666666667;4490.25641025641;4402.5641025641;3895.89743589744;4351.79487179487;4099.48717948718;4282.5641025641;1697;1681;226.352;226.210021972656;0;0;0;0;
13;0;438;4120;4334.8717948718;5067.69230769231;4835.89743589744;4507.17948717949;4496.41025641026;4190.25641025641;4167.69230769231;4491.79487179487;4403.07692307692;3895.38461538462;4355.38461538462;4099.48717948718;4281.53846153846;1699;1681;226.36;226.210021972656;0;0;0;0;
14;0;442;4114.8717948718;4333.33333333333;5067.17948717949;4838.97435897436;4505.12820512821;4489.74358974359;4186.15384615385;4165.12820512821;4486.15384615385;4396.92307692308;3892.82051282051;4352.82051282051;4095.89743589744;4281.02564102564;1699;1680;226.367;226.210021972656;0;0;0;0;
15;0;438;4112.82051282051;4332.82051282051;5070.76923076923;4836.41025641026;4504.10256410256;4491.28205128205;4181.02564102564;4159.48717948718;4476.92307692308;4393.33333333333;3894.35897435898;4351.79487179487;4091.28205128205;4284.61538461538;1699;1681;226.375;226.210021972656;0;0;0;0;
16;0;0;4110.25641025641;4328.20512820513;5072.30769230769;4835.89743589744;4506.15384615385;4493.33333333333;4181.02564102564;4152.82051282051;4470.76923076923;4389.23076923077;3888.71794871795;4352.82051282051;4086.15384615385;4282.05128205128;1700;1679;226.383;226.210021972656;0;0;0;0;
17;0;0;4106.66666666667;4329.23076923077;5069.74358974359;4838.97435897436;4507.17948717949;4489.23076923077;4180;4149.74358974359;4472.82051282051;4382.5641025641;3879.48717948718;4350.76923076923;4085.12820512821;4280.51282051282;1698;1681;226.391;226.210021972656;0;0;0;0;
18;0;0;4107.17948717949;4333.84615384615;5070.25641025641;4839.48717948718;4507.17948717949;4494.35897435897;4182.05128205128;4158.46153846154;4484.10256410256;4385.12820512821;3883.58974358974;4352.30769230769;4090.25641025641;4288.20512820513;1700;1681;226.399;226.210021972656;0;0;0;0;
19;0;0;4108.20512820513;4329.74358974359;5071.28205128205;4838.46153846154;4508.20512820513;4506.15384615385;4186.15384615385;4172.30769230769;4494.35897435897;4396.41025641026;3889.74358974359;4355.89743589744;4090.25641025641;4289.23076923077;1699;1680;226.407;226.210021972656;0;0;0;0;
20;0;0;4104.10256410256;4324.10256410256;5066.15384615385;4836.92307692308;4508.71794871795;4507.17948717949;4184.61538461538;4173.33333333333;4495.38461538462;4398.46153846154;3881.53846153846;4351.79487179487;4082.05128205128;4281.02564102564;1699;1680;226.414;226.210021972656;0;0;0;0;
21;0;0;4102.5641025641;4326.15384615385;5062.05128205128;4838.46153846154;4506.66666666667;4504.10256410256;4183.58974358974;4165.64102564103;4491.79487179487;4394.35897435897;3876.41025641026;4346.66666666667;4082.5641025641;4276.92307692308;1699;1681;226.422;226.210021972656;0;0;0;0;
22;0;0;4107.17948717949;4331.28205128205;5068.20512820513;4840.51282051282;4509.23076923077;4507.17948717949;4187.69230769231;4167.17948717949;4495.89743589744;4400;3888.20512820513;4351.79487179487;4091.79487179487;4282.05128205128;1700;1680;226.43;226.210021972656;0;0;0;0;
23;0;0;4109.74358974359;4334.35897435897;5074.8717948718;4841.53846153846;4513.84615384615;4510.25641025641;4189.74358974359;4172.30769230769;4504.61538461538;4408.20512820513;3897.4358974359;4355.89743589744;4092.30769230769;4290.76923076923;1699;1680;226.438;226.210021972656;0;0;0;0;
24;0;0;4108.20512820513;4335.89743589744;5073.84615384615;4841.53846153846;4515.89743589744;4509.74358974359;4192.30769230769;4170.76923076923;4506.66666666667;4408.20512820513;3895.89743589744;4356.41025641026;4090.76923076923;4292.82051282051;1699;1681;226.446;226.210021972656;0;0;0;0;
25;0;0;4107.69230769231;4335.38461538462;5072.82051282051;4841.02564102564;4516.92307692308;4510.25641025641;4194.35897435897;4173.33333333333;4508.20512820513;4406.15384615385;3893.33333333333;4358.46153846154;4092.30769230769;4285.12820512821;1699;1680;226.453;226.210021972656;0;0;0;0;
26;0;0;4105.12820512821;4333.84615384615;5071.79487179487;4840.51282051282;4513.84615384615;4510.25641025641;4193.84615384615;4177.94871794872;4507.17948717949;4405.12820512821;3893.84615384615;4356.92307692308;4091.28205128205;4278.97435897436;1698;1681;226.461;226.210021972656;0;0;0;0;
27;0;0;4102.5641025641;4328.20512820513;5069.74358974359;4837.94871794872;4507.69230769231;4509.23076923077;4192.82051282051;4173.33333333333;4497.94871794872;4401.53846153846;3892.82051282051;4350.76923076923;4089.74358974359;4280.51282051282;1700;1680;226.469;226.210021972656;0;0;0;0;
28;0;0;4102.05128205128;4323.07692307692;5069.23076923077;4833.84615384615;4504.10256410256;4501.02564102564;4189.23076923077;4167.17948717949;4492.30769230769;4395.89743589744;3885.64102564103;4348.20512820513;4087.69230769231;4279.48717948718;1698;1681;226.477;226.210021972656;0;0;0;0;
29;0;0;4101.53846153846;4321.02564102564;5071.28205128205;4834.8717948718;4502.5641025641;4492.30769230769;4184.61538461538;4168.20512820513;4489.74358974359;4390.76923076923;3879.48717948718;4350.25641025641;4082.05128205128;4276.92307692308;1699;1680;226.485;226.210021972656;0;0;0;0;
30;0;0;4102.05128205128;4321.53846153846;5072.30769230769;4835.89743589744;4501.53846153846;4491.28205128205;4180.51282051282;4166.66666666667;4482.5641025641;4389.23076923077;3882.5641025641;4352.30769230769;4082.05128205128;4276.92307692308;1699;1679;226.493;226.210021972656;0;0;0;0;
31;0;0;4103.07692307692;4324.61538461538;5070.76923076923;4833.33333333333;4503.07692307692;4492.30769230769;4180;4162.5641025641;4481.02564102564;4391.28205128205;3890.25641025641;4355.38461538462;4086.66666666667;4278.97435897436;1700;1680;226.5;226.210021972656;0;0;0;0;
32;0;0;4106.15384615385;4326.66666666667;5074.35897435897;4835.38461538462;4504.61538461538;4495.89743589744;4182.05128205128;4168.20512820513;4495.38461538462;4396.92307692308;3894.35897435898;4361.53846153846;4092.82051282051;4284.10256410256;1700;1680;226.508;226.210021972656;0;0;0;0;
33;0;0;4110.25641025641;4330.25641025641;5083.58974358974;4841.02564102564;4505.64102564103;4504.10256410256;4187.69230769231;4176.41025641026;4506.15384615385;4405.12820512821;3901.53846153846;4368.71794871795;4102.5641025641;4293.33333333333;1701;1680;226.516;226.210021972656;0;0;0;0;
34;0;0;4112.30769230769;4335.89743589744;5087.69230769231;4841.53846153846;4508.71794871795;4507.69230769231;4187.69230769231;4175.89743589744;4504.61538461538;4410.25641025641;3903.58974358974;4368.20512820513;4103.07692307692;4294.8717948718;1700;1680;226.524;226.210021972656;0;0;0;0;
35;0;0;4109.74358974359;4338.46153846154;5079.48717948718;4839.48717948718;4508.71794871795;4505.64102564103;4185.12820512821;4171.79487179487;4506.15384615385;4407.17948717949;3896.41025641026;4363.07692307692;4096.92307692308;4287.17948717949;1701;1680;226.532;226.210021972656;0;0;0;0;
36;0;0;4107.17948717949;4332.82051282051;5072.82051282051;4838.97435897436;4506.66666666667;4506.66666666667;4187.17948717949;4170.76923076923;4506.66666666667;4403.07692307692;3893.33333333333;4364.61538461538;4095.89743589744;4286.15384615385;1701;1679;226.539;226.210021972656;0;0;0;0;
37;0;0;4108.20512820513;4326.66666666667;5072.82051282051;4837.4358974359;4506.15384615385;4508.20512820513;4187.17948717949;4170.25641025641;4498.46153846154;4403.07692307692;3898.46153846154;4366.66666666667;4097.4358974359;4288.71794871795;1699;1681;226.547;226.210021972656;0;0;0;0;
38;0;0;4106.66666666667;4325.64102564103;5072.30769230769;4834.35897435897;4505.64102564103;4501.02564102564;4185.64102564103;4168.71794871795;4495.38461538462;4405.12820512821;3902.5641025641;4365.12820512821;4099.48717948718;4286.66666666667;1701;1680;226.555;226.210021972656;0;0;0;0;
39;0;0;4105.12820512821;4324.61538461538;5071.79487179487;4833.33333333333;4503.58974358974;4497.94871794872;4185.12820512821;4171.28205128205;4503.07692307692;4409.23076923077;3903.07692307692;4365.12820512821;4102.05128205128;4284.10256410256;1699;1681;226.563;226.210021972656;0;0;0;0;
40;0;0;4104.61538461538;4323.07692307692;5071.79487179487;4834.35897435897;4502.05128205128;4499.48717948718;4186.15384615385;4173.84615384615;4507.69230769231;4410.76923076923;3900;4363.07692307692;4096.92307692308;4283.07692307692;1700;1681;226.571;226.210021972656;0;0;0;0;
41;0;0;4104.10256410256;4321.02564102564;5072.30769230769;4834.35897435897;4503.07692307692;4499.48717948718;4186.66666666667;4171.79487179487;4501.53846153846;4404.61538461538;3894.35897435898;4358.46153846154;4089.23076923077;4280;1698;1681;226.579;226.210021972656;0;0;0;0;
42;0;0;4103.58974358974;4320.51282051282;5071.28205128205;4833.84615384615;4503.07692307692;4500;4187.17948717949;4169.23076923077;4493.33333333333;4397.94871794872;3892.82051282051;4355.38461538462;4090.25641025641;4277.4358974359;1698;1683;226.586;226.210021972656;0;0;0;0;
43;0;0;4103.58974358974;4319.48717948718;5069.23076923077;4834.35897435897;4504.10256410256;4504.10256410256;4186.15384615385;4170.25641025641;4488.71794871795;4395.38461538462;3892.82051282051;4357.4358974359;4091.28205128205;4277.94871794872;1699;1682;226.594;226.210021972656;0;0;0;0;
44;0;0;4105.12820512821;4323.58974358974;5072.30769230769;4837.94871794872;4506.15384615385;4505.64102564103;4188.71794871795;4171.79487179487;4489.74358974359;4397.4358974359;3894.35897435898;4363.07692307692;4090.76923076923;4279.48717948718;1698;1683;226.602;226.210021972656;0;0;0;0;
45;0;0;4108.71794871795;4331.79487179487;5076.92307692308;4840.51282051282;4506.66666666667;4504.61538461538;4189.23076923077;4171.79487179487;4494.35897435897;4403.07692307692;3902.5641025641;4368.71794871795;4095.89743589744;4285.12820512821;1698;1682;226.61;226.210021972656;0;0;0;0;
46;0;0;4109.23076923077;4333.33333333333;5075.38461538462;4839.48717948718;4505.64102564103;4505.12820512821;4188.20512820513;4178.46153846154;4498.97435897436;4407.69230769231;3908.20512820513;4368.71794871795;4102.05128205128;4290.25641025641;1698;1683;226.618;226.210021972656;0;0;0;0;
47;0;0;4108.20512820513;4327.69230769231;5073.84615384615;4836.92307692308;4505.12820512821;4505.64102564103;4192.82051282051;4183.58974358974;4505.64102564103;4410.76923076923;3903.58974358974;4367.17948717949;4103.58974358974;4289.23076923077;1699;1682;226.625;226.210021972656;0;0;0;0;
48;0;0;4106.66666666667;4323.58974358974;5069.74358974359;4837.4358974359;4505.12820512821;4504.61538461538;4190.76923076923;4175.89743589744;4505.64102564103;4409.23076923077;3895.38461538462;4363.07692307692;4099.48717948718;4282.5641025641;1698;1682;226.633;226.210021972656;0;0;0;0;
49;0;0;4100.51282051282;4324.61538461538;5061.02564102564;4832.30769230769;4504.10256410256;4504.10256410256;4185.64102564103;4169.23076923077;4502.5641025641;4400.51282051282;3890.25641025641;4353.84615384615;4093.84615384615;4274.8717948718;1699;1682;226.641;226.210021972656;0;0;0;0;
50;0;0;4096.41025641026;4324.10256410256;5059.48717948718;4825.12820512821;4503.58974358974;4504.61538461538;4190.76923076923;4171.79487179487;4504.10256410256;4397.94871794872;3887.69230769231;4351.28205128205;4089.74358974359;4273.33333333333;1699;1682;226.649;226.210021972656;0;0;0;0;
51;0;0;4100.51282051282;4323.07692307692;5062.5641025641;4828.71794871795;4504.10256410256;4505.12820512821;4194.35897435897;4174.35897435897;4505.64102564103;4405.64102564103;3890.25641025641;4354.8717948718;4090.76923076923;4275.89743589744;1701;1681;226.657;226.210021972656;0;0;0;0;
52;0;0;4102.05128205128;4325.64102564103;5063.07692307692;4835.38461538462;4505.12820512821;4497.94871794872;4188.71794871795;4172.82051282051;4505.64102564103;4409.74358974359;3893.84615384615;4356.41025641026;4095.38461538462;4278.46153846154;1700;1680;226.665;226.210021972656;0;0;0;0;
53;0;0;4100;4326.66666666667;5066.66666666667;4832.82051282051;4503.07692307692;4493.84615384615;4188.20512820513;4171.28205128205;4503.07692307692;4406.15384615385;3893.33333333333;4355.89743589744;4095.38461538462;4278.97435897436;1700;1682;226.672;226.210021972656;0;0;0;0;
54;0;0;4103.07692307692;4325.12820512821;5070.76923076923;4829.23076923077;4502.5641025641;4494.35897435897;4189.74358974359;4170.76923076923;4504.10256410256;4404.61538461538;3893.84615384615;4357.4358974359;4096.41025641026;4281.02564102564;1700;1680;226.68;226.210021972656;0;0;0;0;
55;0;0;4106.15384615385;4327.69230769231;5069.23076923077;4833.33333333333;4505.12820512821;4491.28205128205;4184.61538461538;4172.30769230769;4504.10256410256;4408.20512820513;3896.41025641026;4360.51282051282;4102.5641025641;4281.53846153846;1700;1682;226.688;226.210021972656;0;0;0;0;
56;0;0;4106.66666666667;4333.84615384615;5068.71794871795;4835.38461538462;4506.15384615385;4490.25641025641;4184.61538461538;4171.28205128205;4495.38461538462;4409.74358974359;3895.89743589744;4363.07692307692;4105.64102564103;4283.58974358974;1700;1682;226.696;226.210021972656;0;0;0;0;
57;0;0;4108.20512820513;4335.89743589744;5070.76923076923;4835.89743589744;4505.64102564103;4494.35897435897;4185.64102564103;4164.10256410256;4487.69230769231;4405.64102564103;3896.92307692308;4365.12820512821;4104.61538461538;4291.28205128205;1699;1682;226.704;226.210021972656;0;0;0;0;
58;0;0;4110.25641025641;4336.41025641026;5070.25641025641;4838.46153846154;4506.66666666667;4494.8717948718;4183.07692307692;4156.92307692308;4488.20512820513;4398.97435897436;3897.94871794872;4366.66666666667;4106.66666666667;4295.89743589744;1699;1681;226.711;226.210021972656;0;0;0;0;
59;0;0;4107.17948717949;4335.89743589744;5071.28205128205;4835.89743589744;4507.17948717949;4491.79487179487;4181.53846153846;4158.97435897436;4488.20512820513;4394.8717948718;3895.38461538462;4369.23076923077;4106.15384615385;4294.35897435897;1698;1682;226.719;226.210021972656;0;0;0;0;
60;0;0;4108.71794871795;4334.8717948718;5072.30769230769;4834.8717948718;4506.15384615385;4491.28205128205;4182.05128205128;4166.15384615385;4486.15384615385;4397.4358974359;3898.97435897436;4372.82051282051;4106.66666666667;4294.8717948718;1699;1681;226.727;226.210021972656;0;0;0;0;
61;0;0;4118.46153846154;4338.97435897436;5073.84615384615;4838.46153846154;4504.61538461538;4493.33333333333;4180;4170.25641025641;4495.89743589744;4404.10256410256;3909.74358974359;4376.41025641026;4117.4358974359;4301.02564102564;1698;1683;226.735;226.210021972656;0;0;0;0;
62;0;0;4123.07692307692;4344.10256410256;5074.35897435897;4839.48717948718;4505.64102564103;4494.35897435897;4176.92307692308;4170.25641025641;4504.61538461538;4410.25641025641;3909.23076923077;4375.38461538462;4118.46153846154;4302.5641025641;1698;1682;226.743;226.210021972656;0;0;0;0;
63;0;0;4114.35897435897;4341.53846153846;5072.30769230769;4835.89743589744;4506.15384615385;4492.82051282051;4179.48717948718;4167.17948717949;4504.10256410256;4411.79487179487;3898.46153846154;4369.74358974359;4112.82051282051;4297.4358974359;1698;1683;226.751;226.210021972656;0;0;0;0;
64;0;443;4107.69230769231;4337.4358974359;5070.25641025641;4835.38461538462;4505.12820512821;4494.8717948718;4183.07692307692;4171.79487179487;4504.61538461538;4408.71794871795;3896.41025641026;4366.66666666667;4116.41025641026;4294.35897435897;1698;1682;226.758;226.71044921875;0;0;0;0;
65;0;384;4108.20512820513;4335.38461538462;5068.71794871795;4832.30769230769;4504.10256410256;4503.58974358974;4187.69230769231;4181.53846153846;4507.17948717949;4405.64102564103;3898.46153846154;4366.66666666667;4111.79487179487;4292.30769230769;1698;1683;226.766;226.71044921875;0;0;0;0;
66;0;469;4105.64102564103;4333.84615384615;5067.69230769231;4830.25641025641;4504.61538461538;4507.17948717949;4196.92307692308;4183.58974358974;4505.12820512821;4407.17948717949;3896.41025641026;4366.66666666667;4106.15384615385;4289.74358974359;1699;1681;226.774;226.71044921875;0;0;0;0;
67;0;481;4105.64102564103;4334.35897435897;5068.71794871795;4835.89743589744;4507.69230769231;4506.15384615385;4202.05128205128;4180.51282051282;4503.07692307692;4409.74358974359;3896.41025641026;4367.17948717949;4116.41025641026;4291.79487179487;1698;1681;226.782;226.71044921875;0;0;0;0;
68;0;478;4108.20512820513;4335.38461538462;5068.71794871795;4838.46153846154;4508.20512820513;4507.69230769231;4199.48717948718;4181.53846153846;4507.17948717949;4410.25641025641;3898.46153846154;4366.66666666667;4121.53846153846;4295.89743589744;1700;1680;226.79;226.71044921875;0;0;0;0;
69;0;479;4107.69230769231;4336.41025641026;5069.23076923077;4836.41025641026;4507.17948717949;4507.69230769231;4199.48717948718;4184.10256410256;4504.61538461538;4410.25641025641;3894.8717948718;4366.15384615385;4111.28205128205;4294.35897435897;1698;1681;226.798;226.71044921875;0;0;0;0;
70;0;486;4108.20512820513;4338.46153846154;5071.28205128205;4837.4358974359;4508.20512820513;4506.66666666667;4202.5641025641;4180;4495.89743589744;4407.69230769231;3892.82051282051;4368.20512820513;4107.17948717949;4292.30769230769;1700;1681;226.805;226.71044921875;0;0;0;0;
71;0;423;4107.69230769231;4338.97435897436;5072.82051282051;4842.5641025641;4509.23076923077;4506.15384615385;4196.41025641026;4171.28205128205;4490.76923076923;4399.48717948718;3893.33333333333;4368.71794871795;4108.71794871795;4293.84615384615;1700;1680;226.813;226.71044921875;0;0;0;0;
72;0;415;4108.71794871795;4338.46153846154;5072.30769230769;4842.05128205128;4508.20512820513;4504.61538461538;4193.33333333333;4165.64102564103;4489.23076923077;4394.8717948718;3891.79487179487;4368.71794871795;4105.12820512821;4293.33333333333;1699;1681;226.821;226.71044921875;0;0;0;0;
73;0;429;4116.92307692308;4340;5073.33333333333;4841.53846153846;4509.23076923077;4503.07692307692;4196.41025641026;4166.66666666667;4487.69230769231;4397.94871794872;3893.33333333333;4371.79487179487;4106.15384615385;4293.33333333333;1700;1680;226.829;226.71044921875;0;0;0;0;
74;0;442;4122.5641025641;4343.58974358974;5080;4845.64102564103;4508.71794871795;4503.58974358974;4189.23076923077;4167.69230769231;4488.20512820513;4399.48717948718;3896.41025641026;4377.4358974359;4109.23076923077;4294.8717948718;1699;1681;226.837;226.71044921875;0;0;0;0;
75;0;438;4119.48717948718;4343.58974358974;5085.64102564103;4845.12820512821;4507.69230769231;4503.58974358974;4185.64102564103;4166.15384615385;4490.76923076923;4400.51282051282;3896.92307692308;4381.53846153846;4109.74358974359;4296.41025641026;1700;1681;226.844;226.71044921875;0;0;0;0;
76;0;462;4120.51282051282;4345.64102564103;5086.15384615385;4844.61538461539;4515.38461538462;4503.58974358974;4193.84615384615;4172.82051282051;4495.89743589744;4407.17948717949;3902.05128205128;4382.5641025641;4114.8717948718;4300.51282051282;1699;1680;226.852;226.71044921875;0;0;0;0;
77;0;438;4125.64102564103;4350.76923076923;5089.23076923077;4847.17948717949;4522.5641025641;4506.15384615385;4196.41025641026;4184.61538461538;4505.12820512821;4414.35897435897;3908.71794871795;4385.64102564103;4121.02564102564;4303.58974358974;1699;1680;226.86;226.71044921875;0;0;0;0;
78;0;442;4124.10256410256;4349.23076923077;5088.20512820513;4847.17948717949;4522.5641025641;4507.17948717949;4190.25641025641;4188.20512820513;4507.69230769231;4412.82051282051;3904.10256410256;4388.20512820513;4116.92307692308;4300.51282051282;1699;1680;226.868;226.71044921875;0;0;0;0;
79;0;438;4119.48717948718;4340.51282051282;5075.38461538462;4843.07692307692;4517.4358974359;4503.58974358974;4189.23076923077;4182.5641025641;4502.05128205128;4406.66666666667;3893.33333333333;4377.4358974359;4108.20512820513;4293.33333333333;1701;1680;226.876;226.71044921875;0;0;0;0;
80;0;462;4117.94871794872;4336.92307692308;5072.82051282051;4838.97435897436;4513.33333333333;4503.58974358974;4192.82051282051;4179.48717948718;4502.05128205128;4407.69230769231;3892.30769230769;4368.20512820513;4111.28205128205;4289.23076923077;1699;1680;226.884;226.71044921875;0;0;0;0;
81;0;438;4120.51282051282;4341.02564102564;5085.64102564103;4843.07692307692;4517.4358974359;4507.17948717949;4197.4358974359;4182.05128205128;4507.69230769231;4412.30769230769;3897.94871794872;4376.92307692308;4117.94871794872;4294.35897435897;1700;1681;226.891;226.71044921875;0;0;0;0;
82;0;442;4123.07692307692;4344.10256410256;5088.71794871795;4848.20512820513;4524.10256410256;4508.20512820513;4203.07692307692;4181.53846153846;4505.12820512821;4412.82051282051;3898.46153846154;4382.05128205128;4120;4301.53846153846;1699;1679;226.899;226.71044921875;0;0;0;0;
83;0;438;4122.5641025641;4341.53846153846;5083.58974358974;4844.61538461539;4522.05128205128;4506.66666666667;4201.02564102564;4179.48717948718;4496.92307692308;4410.76923076923;3896.41025641026;4375.89743589744;4119.48717948718;4300.51282051282;1699;1681;226.907;226.71044921875;0;0;0;0;
84;0;462;4121.53846153846;4340;5084.10256410256;4841.53846153846;4518.97435897436;4504.10256410256;4196.92307692308;4183.07692307692;4501.53846153846;4410.76923076923;3897.94871794872;4375.89743589744;4118.97435897436;4295.89743589744;1700;1679;226.915;226.71044921875;0;0;0;0;
85;0;438;4122.5641025641;4342.05128205128;5087.69230769231;4842.05128205128;4520;4504.61538461538;4198.97435897436;4184.61538461538;4507.17948717949;4413.33333333333;3898.46153846154;4382.05128205128;4120;4295.89743589744;1698;1680;226.923;226.71044921875;0;0;0;0;
86;0;442;4124.61538461538;4343.58974358974;5085.64102564103;4844.10256410256;4513.84615384615;4506.66666666667;4195.38461538462;4177.4358974359;4500;4413.84615384615;3897.4358974359;4383.07692307692;4120;4300;1700;1680;226.93;226.71044921875;0;0;0;0;
87;0;438;4124.10256410256;4339.48717948718;5080.51282051282;4846.15384615385;4507.69230769231;4500.51282051282;4188.20512820513;4169.74358974359;4490.25641025641;4409.74358974359;3896.92307692308;4381.02564102564;4118.46153846154;4302.05128205128;1699;1680;226.938;226.71044921875;0;0;0;0;
88;0;462;4121.53846153846;4337.94871794872;5081.02564102564;4845.64102564103;4509.74358974359;4497.94871794872;4186.66666666667;4170.76923076923;4493.33333333333;4409.74358974359;3897.94871794872;4380.51282051282;4120.51282051282;4300;1699;1680;226.946;226.71044921875;0;0;0;0;
89;0;438;4120.51282051282;4341.53846153846;5083.07692307692;4843.58974358974;4510.76923076923;4501.02564102564;4188.71794871795;4170.76923076923;4501.53846153846;4413.33333333333;3898.46153846154;4379.48717948718;4122.5641025641;4296.92307692308;1699;1680;226.954;226.71044921875;0;0;0;0;
90;0;442;4120;4340.51282051282;5075.38461538462;4844.61538461539;4508.20512820513;4498.46153846154;4187.17948717949;4167.69230769231;4504.10256410256;4412.82051282051;3895.89743589744;4373.84615384615;4120;4296.92307692308;1699;1681;226.962;226.71044921875;0;0;0;0;
91;0;438;4119.48717948718;4334.35897435897;5069.23076923077;4844.61538461539;4509.74358974359;4492.82051282051;4186.66666666667;4168.20512820513;4505.12820512821;4412.82051282051;3895.38461538462;4371.28205128205;4118.46153846154;4296.92307692308;1698;1681;226.97;226.71044921875;0;0;0;0;
92;0;462;4120;4334.8717948718;5072.82051282051;4840;4511.28205128205;4493.33333333333;4185.64102564103;4170.25641025641;4506.66666666667;4414.8717948718;3904.61538461539;4377.4358974359;4122.05128205128;4293.84615384615;1699;1681;226.977;226.71044921875;0;0;0;0;
93;0;438;4120.51282051282;4338.46153846154;5075.38461538462;4841.02564102564;4510.76923076923;4498.97435897436;4187.69230769231;4175.89743589744;4507.69230769231;4413.84615384615;3907.69230769231;4381.02564102564;4124.61538461538;4295.38461538462;1698;1681;226.985;226.71044921875;0;0;0;0;
94;0;442;4120;4338.46153846154;5072.82051282051;4846.15384615385;4511.28205128205;4504.10256410256;4195.89743589744;4184.10256410256;4512.82051282051;4418.97435897436;3904.61538461539;4374.8717948718;4125.64102564103;4298.97435897436;1697;1682;226.993;226.71044921875;0;0;0;0;
95;0;438;4119.48717948718;4336.41025641026;5073.33333333333;4846.66666666667;4512.30769230769;4508.20512820513;4198.46153846154;4189.23076923077;4518.97435897436;4424.10256410256;3904.61538461539;4373.33333333333;4125.12820512821;4299.48717948718;1698;1680;227.001;226.71044921875;0;0;0;0;
96;0;462;4120;4335.38461538462;5072.30769230769;4843.58974358974;4509.74358974359;4505.12820512821;4189.23076923077;4187.17948717949;4514.8717948718;4417.4358974359;3901.02564102564;4374.8717948718;4121.53846153846;4293.84615384615;1697;1682;227.009;226.71044921875;0;0;0;0;
97;0;438;4118.97435897436;4333.33333333333;5068.20512820513;4837.94871794872;4506.66666666667;4496.41025641026;4183.07692307692;4175.38461538462;4504.10256410256;4411.79487179487;3893.33333333333;4367.69230769231;4120;4292.82051282051;1698;1681;227.016;226.71044921875;0;0;0;0;
98;0;442;4118.97435897436;4333.33333333333;5069.23076923077;4838.46153846154;4508.71794871795;4494.8717948718;4189.23076923077;4170.76923076923;4502.5641025641;4414.35897435897;3893.33333333333;4364.10256410256;4120;4293.84615384615;1697;1680;227.024;226.71044921875;0;0;0;0;
99;0;438;4118.46153846154;4335.38461538462;5066.15384615385;4838.97435897436;4512.30769230769;4502.05128205128;4195.38461538462;4178.97435897436;4506.66666666667;4412.82051282051;3895.89743589744;4367.69230769231;4118.97435897436;4287.17948717949;1698;1680;227.032;226.71044921875;0;0;0;0;
100;0;462;4110.25641025641;4332.30769230769;5058.97435897436;4837.94871794872;4508.71794871795;4505.12820512821;4190.76923076923;4179.48717948718;4504.10256410256;4407.69230769231;3889.23076923077;4363.58974358974;4111.28205128205;4278.97435897436;1699;1680;227.04;226.71044921875;0;0;0;0;
101;0;438;4104.10256410256;4329.23076923077;5058.97435897436;4838.46153846154;4509.74358974359;4504.10256410256;4184.61538461538;4168.71794871795;4498.97435897436;4407.69230769231;3885.64102564103;4357.4358974359;4103.07692307692;4276.41025641026;1698;1680;227.048;226.71044921875;0;0;0;0;
102;0;442;4112.30769230769;4332.30769230769;5065.64102564103;4838.46153846154;4520.51282051282;4504.10256410256;4185.64102564103;4166.66666666667;4500;4411.79487179487;3891.28205128205;4363.07692307692;4109.23076923077;4280.51282051282;1698;1680;227.056;226.71044921875;0;0;0;0;
103;0;438;4122.05128205128;4335.89743589744;5068.20512820513;4841.53846153846;4521.02564102564;4495.89743589744;4187.17948717949;4170.76923076923;4505.64102564103;4417.4358974359;3896.92307692308;4370.76923076923;4122.05128205128;4289.74358974359;1699;1680;227.063;226.71044921875;0;0;0;0;
104;0;462;4120.51282051282;4336.41025641026;5068.20512820513;4840.51282051282;4510.76923076923;4492.82051282051;4184.61538461538;4171.28205128205;4507.17948717949;4420.51282051282;3897.4358974359;4369.23076923077;4123.58974358974;4296.41025641026;1699;1679;227.071;226.71044921875;0;0;0;0;
105;0;438;4118.97435897436;4334.8717948718;5070.76923076923;4834.8717948718;4508.20512820513;4503.58974358974;4186.66666666667;4172.82051282051;4506.15384615385;4419.48717948718;3896.92307692308;4367.69230769231;4118.97435897436;4294.35897435897;1699;1680;227.079;226.71044921875;0;0;0;0;
106;0;442;4121.53846153846;4330.25641025641;5070.25641025641;4832.30769230769;4509.23076923077;4505.64102564103;4194.8717948718;4174.35897435897;4508.71794871795;4417.4358974359;3898.46153846154;4368.71794871795;4120;4294.35897435897;1700;1679;227.087;226.71044921875;0;0;0;0;
107;0;438;4117.94871794872;4326.66666666667;5066.15384615385;4835.38461538462;4507.69230769231;4497.4358974359;4195.89743589744;4173.84615384615;4509.74358974359;4417.94871794872;3897.94871794872;4369.23076923077;4122.05128205128;4296.41025641026;1699;1680;227.095;226.71044921875;0;0;0;0;
108;0;462;4110.76923076923;4328.20512820513;5059.48717948718;4835.38461538462;4508.71794871795;4496.41025641026;4188.71794871795;4174.35897435897;4507.69230769231;4416.41025641026;3895.89743589744;4364.61538461538;4118.46153846154;4290.76923076923;1702;1679;227.102;226.71044921875;0;0;0;0;
109;0;438;4109.23076923077;4326.66666666667;5054.8717948718;4830.76923076923;4508.71794871795;4502.5641025641;4190.25641025641;4178.46153846154;4506.15384615385;4412.30769230769;3893.84615384615;4356.92307692308;4115.38461538462;4283.07692307692;1700;1679;227.11;226.71044921875;0;0;0;0;
110;0;442;4110.25641025641;4324.61538461538;5056.41025641026;4831.28205128205;4507.17948717949;4505.64102564103;4201.53846153846;4186.15384615385;4511.79487179487;4414.35897435897;3892.82051282051;4355.89743589744;4113.33333333333;4281.02564102564;1700;1681;227.118;226.71044921875;0;0;0;0;
111;0;438;4106.66666666667;4324.61538461538;5056.92307692308;4830.25641025641;4508.71794871795;4506.66666666667;4203.58974358974;4189.23076923077;4516.41025641026;4418.46153846154;3889.74358974359;4360;4110.25641025641;4281.02564102564;1701;1680;227.126;226.71044921875;0;0;0;0;
112;0;462;4098.46153846154;4321.02564102564;5048.20512820513;4827.69230769231;4509.23076923077;4506.66666666667;4200;4189.23076923077;4511.79487179487;4414.8717948718;3882.05128205128;4354.35897435897;4105.12820512821;4272.82051282051;1700;1681;227.134;226.71044921875;0;0;0;0;
113;0;438;4092.82051282051;4316.92307692308;5038.46153846154;4825.12820512821;4507.17948717949;4508.20512820513;4202.05128205128;4185.12820512821;4506.15384615385;4409.74358974359;3875.89743589744;4340.51282051282;4096.41025641026;4263.58974358974;1700;1681;227.142;226.71044921875;0;0;0;0;
114;0;442;4090.76923076923;4314.35897435897;5036.92307692308;4823.58974358974;4508.71794871795;4506.66666666667;4198.46153846154;4174.35897435897;4505.12820512821;4410.76923076923;3875.89743589744;4336.92307692308;4092.30769230769;4260.51282051282;1700;1681;227.149;226.71044921875;0;0;0;0;
115;0;438;4092.30769230769;4315.38461538462;5038.97435897436;4827.69230769231;4511.28205128205;4504.61538461538;4189.74358974359;4169.23076923077;4505.64102564103;4412.82051282051;3877.4358974359;4342.05128205128;4096.92307692308;4266.15384615385;1700;1681;227.157;226.71044921875;0;0;0;0;
116;0;462;4098.97435897436;4322.5641025641;5045.12820512821;4833.33333333333;4510.76923076923;4505.12820512821;4188.71794871795;4171.79487179487;4505.12820512821;4410.76923076923;3879.48717948718;4345.64102564103;4103.58974358974;4270.76923076923;1699;1682;227.165;226.71044921875;0;0;0;0;
117;0;438;4106.66666666667;4326.66666666667;5053.33333333333;4833.33333333333;4509.74358974359;4504.61538461538;4188.71794871795;4170.76923076923;4506.66666666667;4414.35897435897;3884.61538461539;4348.71794871795;4107.17948717949;4273.84615384615;1698;1682;227.173;226.71044921875;0;0;0;0;
118;0;442;4108.71794871795;4326.15384615385;5056.92307692308;4830.76923076923;4510.76923076923;4504.61538461538;4188.20512820513;4172.30769230769;4508.71794871795;4424.61538461538;3894.35897435898;4355.38461538462;4111.28205128205;4281.02564102564;1698;1683;227.181;226.71044921875;0;0;0;0;
119;0;438;4109.23076923077;4325.64102564103;5056.92307692308;4834.8717948718;4510.25641025641;4505.64102564103;4191.79487179487;4180;4511.28205128205;4425.64102564103;3895.89743589744;4357.94871794872;4113.33333333333;4285.12820512821;1697;1682;227.188;226.71044921875;0;0;0;0;
120;0;462;4108.20512820513;4322.05128205128;5052.82051282051;4835.89743589744;4508.20512820513;4500;4191.79487179487;4184.61538461538;4511.28205128205;4413.33333333333;3883.07692307692;4349.23076923077;4105.64102564103;4279.48717948718;1698;1683;227.196;226.71044921875;0;0;0;0;
121;0;438;4105.64102564103;4317.94871794872;5048.71794871795;4827.69230769231;4507.69230769231;4496.92307692308;4189.23076923077;4180;4505.12820512821;4405.64102564103;3875.89743589744;4342.5641025641;4097.94871794872;4274.8717948718;1697;1683;227.204;226.71044921875;0;0;0;0;
122;0;442;4106.15384615385;4318.97435897436;5050.76923076923;4826.66666666667;4508.71794871795;4503.58974358974;4197.94871794872;4175.89743589744;4505.64102564103;4409.74358974359;3878.97435897436;4348.71794871795;4099.48717948718;4278.97435897436;1698;1682;227.212;226.71044921875;0;0;0;0;
123;0;438;4105.64102564103;4319.48717948718;5055.89743589744;4831.28205128205;4507.69230769231;4507.17948717949;4204.61538461538;4173.33333333333;4505.12820512821;4407.17948717949;3877.94871794872;4351.79487179487;4098.46153846154;4278.46153846154;1698;1681;227.22;226.71044921875;0;0;0;0;
124;0;462;4103.58974358974;4317.4358974359;5057.4358974359;4832.30769230769;4505.12820512821;4502.5641025641;4197.94871794872;4169.23076923077;4493.84615384615;4397.94871794872;3874.35897435898;4347.69230769231;4092.30769230769;4274.8717948718;1698;1682;227.228;226.71044921875;0;0;0;0;
125;0;438;4105.12820512821;4318.97435897436;5058.46153846154;4831.28205128205;4504.61538461538;4503.58974358974;4195.89743589744;4171.28205128205;4496.92307692308;4397.94871794872;3876.41025641026;4351.79487179487;4090.76923076923;4276.92307692308;1700;1680;227.235;226.71044921875;0;0;0;0;
126;0;442;4105.64102564103;4320.51282051282;5064.10256410256;4835.89743589744;4505.64102564103;4506.66666666667;4198.97435897436;4173.84615384615;4504.10256410256;4400.51282051282;3878.97435897436;4356.92307692308;4094.8717948718;4280;1698;1680;227.243;226.71044921875;0;0;0;0;
127;0;438;4101.53846153846;4320;5067.17948717949;4835.38461538462;4505.12820512821;4503.58974358974;4193.84615384615;4169.23076923077;4495.89743589744;4395.38461538462;3876.41025641026;4351.79487179487;4093.33333333333;4278.97435897436;1700;1681;227.251;226.71044921875;0;0;0;0;
128;0;462;4096.92307692308;4318.97435897436;5064.61538461539;4832.30769230769;4505.64102564103;4503.07692307692;4188.20512820513;4173.84615384615;4496.41025641026;4394.35897435897;3875.38461538462;4349.23076923077;4088.71794871795;4275.89743589744;1699;1680;227.259;227.210891723633;0;0;0;0;
0;0;443;4095.89743589744;4318.46153846154;5065.12820512821;4836.41025641026;4508.20512820513;4505.12820512821;4188.71794871795;4183.07692307692;4504.10256410256;4401.02564102564;3876.92307692308;4351.28205128205;4088.20512820513;4274.8717948718;1699;1681;227.267;227.210891723633;0;0;0;0;
1;0;384;4099.48717948718;4320.51282051282;5070.76923076923;4838.97435897436;4510.25641025641;4503.58974358974;4187.69230769231;4174.35897435897;4496.41025641026;4399.48717948718;3877.94871794872;4354.35897435897;4091.28205128205;4275.89743589744;1699;1680;227.275;227.210891723633;0;0;0;0;
2;0;469;4105.12820512821;4324.61538461538;5072.30769230769;4838.97435897436;4508.71794871795;4504.10256410256;4185.12820512821;4164.10256410256;4489.74358974359;4395.89743589744;3877.4358974359;4356.92307692308;4093.84615384615;4277.94871794872;1699;1681;227.282;227.210891723633;0;0;0;0;
3;0;481;4106.15384615385;4327.69230769231;5071.79487179487;4838.97435897436;4509.74358974359;4503.58974358974;4184.61538461538;4168.71794871795;4494.8717948718;4398.97435897436;3878.46153846154;4354.35897435897;4093.33333333333;4278.46153846154;1699;1681;227.291;227.210891723633;0;0;0;0;
4;0;478;4100.51282051282;4326.15384615385;5072.30769230769;4838.46153846154;4508.71794871795;4497.4358974359;4178.46153846154;4169.74358974359;4491.28205128205;4397.4358974359;3875.89743589744;4349.74358974359;4091.28205128205;4276.92307692308;1698;1681;227.299;227.210891723633;0;0;0;0;
5;0;479;4093.33333333333;4320.51282051282;5068.71794871795;4836.41025641026;4502.5641025641;4490.76923076923;4173.84615384615;4164.61538461538;4486.66666666667;4389.74358974359;3871.28205128205;4349.23076923077;4089.74358974359;4273.84615384615;1699;1680;227.307;227.210891723633;0;0;0;0;
6;0;486;4089.23076923077;4316.92307692308;5067.17948717949;4833.33333333333;4500;4491.28205128205;4178.46153846154;4167.69230769231;4489.74358974359;4389.23076923077;3874.35897435898;4350.76923076923;4091.28205128205;4272.82051282051;1698;1682;227.315;227.210891723633;0;0;0;0;
7;0;423;4094.8717948718;4318.97435897436;5070.25641025641;4835.89743589744;4505.12820512821;4493.84615384615;4184.10256410256;4170.76923076923;4490.25641025641;4395.38461538462;3880.51282051282;4356.92307692308;4097.4358974359;4278.46153846154;1699;1681;227.322;227.210891723633;0;0;0;0;
8;0;415;4105.64102564103;4321.53846153846;5071.79487179487;4838.97435897436;4506.66666666667;4492.30769230769;4181.53846153846;4168.20512820513;4488.71794871795;4395.38461538462;3880.51282051282;4364.10256410256;4102.5641025641;4282.05128205128;1697;1682;227.33;227.210891723633;0;0;0;0;
9;0;429;4105.12820512821;4317.94871794872;5070.25641025641;4836.41025641026;4497.4358974359;4490.76923076923;4175.38461538462;4165.12820512821;4481.53846153846;4387.17948717949;3878.46153846154;4361.53846153846;4099.48717948718;4278.46153846154;1699;1681;227.338;227.210891723633;0;0;0;0;
10;0;442;4098.46153846154;4311.79487179487;5067.69230769231;4832.30769230769;4491.28205128205;4491.28205128205;4175.89743589744;4166.15384615385;4477.4358974359;4380.51282051282;3877.4358974359;4355.89743589744;4094.35897435898;4276.92307692308;1698;1680;227.346;227.210891723633;0;0;0;0;
11;0;438;4094.35897435898;4313.84615384615;5068.20512820513;4834.35897435897;4498.97435897436;4492.30769230769;4179.48717948718;4169.23076923077;4484.10256410256;4382.05128205128;3877.94871794872;4357.4358974359;4095.38461538462;4277.94871794872;1698;1681;227.354;227.210891723633;0;0;0;0;
12;0;462;4096.92307692308;4318.46153846154;5070.25641025641;4832.30769230769;4505.64102564103;4493.33333333333;4181.53846153846;4171.28205128205;4492.30769230769;4388.71794871795;3881.02564102564;4363.07692307692;4096.92307692308;4276.92307692308;1699;1679;227.362;227.210891723633;0;0;0;0;
13;0;438;4103.58974358974;4315.89743589744;5071.28205128205;4829.23076923077;4504.10256410256;4492.82051282051;4180;4173.33333333333;4493.33333333333;4390.76923076923;3883.07692307692;4365.12820512821;4100;4278.97435897436;1699;1680;227.369;227.210891723633;0;0;0;0;
14;0;442;4102.05128205128;4311.28205128205;5066.66666666667;4832.82051282051;4502.05128205128;4490.76923076923;4175.38461538462;4175.38461538462;4491.79487179487;4385.64102564103;3882.05128205128;4361.53846153846;4102.05128205128;4282.5641025641;1700;1680;227.377;227.210891723633;0;0;0;0;
15;0;438;4091.79487179487;4311.28205128205;5059.48717948718;4829.74358974359;4497.4358974359;4490.76923076923;4171.28205128205;4167.69230769231;4489.74358974359;4380;3880;4357.94871794872;4094.8717948718;4275.89743589744;1700;1681;227.385;227.210891723633;0;0;0;0;
16;0;0;4089.23076923077;4309.23076923077;5056.92307692308;4825.64102564103;4492.82051282051;4491.28205128205;4169.74358974359;4159.48717948718;4487.17948717949;4380.51282051282;3877.94871794872;4357.94871794872;4088.20512820513;4271.28205128205;1701;1680;227.393;227.210891723633;0;0;0;0;
17;0;0;4092.30769230769;4305.12820512821;5058.97435897436;4830.25641025641;4491.79487179487;4489.74358974359;4172.30769230769;4163.07692307692;4488.20512820513;4378.97435897436;3877.94871794872;4357.94871794872;4090.76923076923;4274.8717948718;1700;1680;227.401;227.210891723633;0;0;0;0;
18;0;0;4090.76923076923;4305.64102564103;5063.58974358974;4833.33333333333;4492.30769230769;4489.23076923077;4171.79487179487;4168.71794871795;4489.74358974359;4373.33333333333;3877.94871794872;4356.41025641026;4093.84615384615;4270.25641025641;1701;1680;227.408;227.210891723633;0;0;0;0;
19;0;0;4089.74358974359;4307.69230769231;5069.23076923077;4832.82051282051;4496.92307692308;4489.23076923077;4173.84615384615;4168.20512820513;4488.71794871795;4374.8717948718;3876.92307692308;4358.46153846154;4092.82051282051;4265.12820512821;1700;1680;227.416;227.210891723633;0;0;0;0;
20;0;0;4092.30769230769;4309.23076923077;5072.82051282051;4833.84615384615;4504.61538461538;4489.74358974359;4176.92307692308;4168.20512820513;4490.25641025641;4380;3876.92307692308;4359.48717948718;4093.84615384615;4269.74358974359;1701;1680;227.424;227.210891723633;0;0;0;0;
21;0;0;4093.84615384615;4310.76923076923;5067.69230769231;4832.82051282051;4504.10256410256;4491.79487179487;4181.53846153846;4170.25641025641;4493.33333333333;4378.97435897436;3877.4358974359;4357.4358974359;4093.33333333333;4269.23076923077;1700;1680;227.432;227.210891723633;0;0;0;0;
22;0;0;4091.28205128205;4309.23076923077;5063.58974358974;4829.74358974359;4500.51282051282;4493.84615384615;4186.15384615385;4176.41025641026;4493.33333333333;4378.97435897436;3876.41025641026;4358.97435897436;4089.74358974359;4263.58974358974;1700;1681;227.44;227.210891723633;0;0;0;0;
23;0;0;4092.30769230769;4309.23076923077;5068.20512820513;4834.8717948718;4503.58974358974;4493.84615384615;4186.66666666667;4185.12820512821;4492.82051282051;4382.05128205128;3878.46153846154;4365.12820512821;4093.84615384615;4271.28205128205;1700;1680;227.448;227.210891723633;0;0;0;0;
24;0;0;4102.05128205128;4316.41025641026;5074.8717948718;4838.97435897436;4507.69230769231;4495.89743589744;4189.23076923077;4189.74358974359;4501.02564102564;4388.20512820513;3882.5641025641;4372.30769230769;4103.07692307692;4280.51282051282;1699;1682;227.455;227.210891723633;0;0;0;0;
25;0;0;4104.61538461538;4316.41025641026;5074.8717948718;4837.94871794872;4506.15384615385;4495.38461538462;4188.20512820513;4187.17948717949;4504.10256410256;4392.30769230769;3882.05128205128;4370.25641025641;4101.02564102564;4273.33333333333;1699;1682;227.463;227.210891723633;0;0;0;0;
26;0;0;4097.94871794872;4312.30769230769;5067.17948717949;4837.4358974359;4502.5641025641;4490.76923076923;4183.07692307692;4184.61538461538;4494.35897435897;4386.66666666667;3876.92307692308;4360.51282051282;4092.30769230769;4263.07692307692;1699;1682;227.471;227.210891723633;0;0;0;0;
27;0;0;4096.92307692308;4317.94871794872;5064.10256410256;4838.97435897436;4504.10256410256;4491.28205128205;4185.12820512821;4184.61538461538;4490.25641025641;4382.5641025641;3875.89743589744;4356.92307692308;4091.79487179487;4265.64102564103;1698;1682;227.479;227.210891723633;0;0;0;0;
28;0;0;4098.46153846154;4320;5067.69230769231;4837.94871794872;4507.17948717949;4494.35897435897;4186.15384615385;4181.53846153846;4494.35897435897;4386.15384615385;3877.94871794872;4358.97435897436;4094.8717948718;4269.74358974359;1698;1683;227.487;227.210891723633;0;0;0;0;
29;0;0;4096.92307692308;4312.30769230769;5064.61538461539;4834.35897435897;4503.07692307692;4492.30769230769;4183.07692307692;4176.92307692308;4490.25641025641;4385.12820512821;3877.94871794872;4356.41025641026;4094.35897435898;4264.10256410256;1699;1682;227.494;227.210891723633;0;0;0;0;
30;0;0;4101.53846153846;4313.33333333333;5059.48717948718;4832.82051282051;4501.02564102564;4490.25641025641;4181.53846153846;4177.94871794872;4487.69230769231;4384.61538461538;3877.4358974359;4356.92307692308;4100;4263.58974358974;1697;1683;227.502;227.210891723633;0;0;0;0;
31;0;0;4106.66666666667;4321.02564102564;5066.15384615385;4834.8717948718;4506.15384615385;4493.33333333333;4183.58974358974;4183.58974358974;4493.84615384615;4392.82051282051;3881.02564102564;4365.12820512821;4106.66666666667;4272.82051282051;1698;1682;227.51;227.210891723633;0;0;0;0;
32;0;0;4105.64102564103;4320;5072.30769230769;4836.92307692308;4507.69230769231;4495.38461538462;4183.07692307692;4183.58974358974;4494.8717948718;4395.38461538462;3881.53846153846;4367.69230769231;4105.64102564103;4274.8717948718;1697;1682;227.518;227.210891723633;0;0;0;0;
33;0;0;4107.69230769231;4321.53846153846;5069.74358974359;4837.4358974359;4506.15384615385;4494.35897435897;4183.07692307692;4183.58974358974;4491.79487179487;4395.89743589744;3882.05128205128;4368.71794871795;4106.15384615385;4274.35897435897;1698;1682;227.526;227.210891723633;0;0;0;0;
34;0;0;4109.74358974359;4325.64102564103;5070.76923076923;4838.46153846154;4507.17948717949;4492.82051282051;4184.61538461538;4187.69230769231;4501.53846153846;4398.46153846154;3887.17948717949;4373.84615384615;4110.25641025641;4277.94871794872;1698;1681;227.534;227.210891723633;0;0;0;0;
35;0;0;4106.15384615385;4324.61538461538;5073.84615384615;4841.02564102564;4505.64102564103;4491.79487179487;4184.61538461538;4187.17948717949;4507.17948717949;4394.35897435897;3885.64102564103;4373.33333333333;4107.17948717949;4278.97435897436;1697;1682;227.541;227.210891723633;0;0;0;0;
36;0;0;4104.61538461538;4323.07692307692;5072.82051282051;4841.53846153846;4503.58974358974;4491.79487179487;4183.58974358974;4183.58974358974;4498.46153846154;4389.23076923077;3878.46153846154;4368.20512820513;4102.5641025641;4278.46153846154;1699;1681;227.549;227.210891723633;0;0;0;0;
37;0;0;4105.12820512821;4321.02564102564;5074.35897435897;4839.48717948718;4502.5641025641;4491.28205128205;4184.10256410256;4186.66666666667;4493.84615384615;4390.76923076923;3878.97435897436;4367.17948717949;4102.05128205128;4274.8717948718;1698;1681;227.557;227.210891723633;0;0;0;0;
38;0;0;4102.05128205128;4315.89743589744;5071.28205128205;4836.41025641026;4500.51282051282;4489.23076923077;4184.61538461538;4184.61538461538;4492.30769230769;4389.23076923077;3876.92307692308;4365.12820512821;4094.35897435898;4265.64102564103;1699;1681;227.565;227.210891723633;0;0;0;0;
39;0;0;4100.51282051282;4318.46153846154;5067.17948717949;4835.89743589744;4502.05128205128;4488.20512820513;4182.5641025641;4173.33333333333;4488.20512820513;4385.12820512821;3870.76923076923;4358.46153846154;4090.25641025641;4261.53846153846;1699;1681;227.573;227.210891723633;0;0;0;0;
40;0;0;4104.61538461538;4326.66666666667;5069.23076923077;4839.48717948718;4506.66666666667;4490.25641025641;4182.5641025641;4171.28205128205;4489.23076923077;4386.15384615385;3873.33333333333;4356.92307692308;4096.92307692308;4265.64102564103;1700;1682;227.581;227.210891723633;0;0;0;0;
41;0;0;4106.15384615385;4326.15384615385;5069.74358974359;4841.53846153846;4507.69230769231;4492.30769230769;4186.15384615385;4182.5641025641;4492.82051282051;4389.23076923077;3878.46153846154;4362.5641025641;4100;4264.61538461538;1699;1682;227.588;227.210891723633;0;0;0;0;
42;0;0;4104.10256410256;4326.15384615385;5066.66666666667;4841.02564102564;4506.66666666667;4491.79487179487;4187.17948717949;4185.12820512821;4493.84615384615;4389.74358974359;3877.4358974359;4369.74358974359;4098.97435897436;4265.64102564103;1699;1683;227.596;227.210891723633;0;0;0;0;
43;0;0;4105.64102564103;4332.82051282051;5070.25641025641;4841.53846153846;4509.23076923077;4493.33333333333;4186.15384615385;4181.02564102564;4501.02564102564;4395.38461538462;3879.48717948718;4374.35897435897;4104.10256410256;4272.82051282051;1699;1682;227.604;227.210891723633;0;0;0;0;
44;0;0;4106.15384615385;4331.79487179487;5070.76923076923;4842.5641025641;4510.25641025641;4493.33333333333;4184.10256410256;4183.58974358974;4507.69230769231;4399.48717948718;3884.61538461539;4374.8717948718;4107.69230769231;4271.79487179487;1701;1681;227.612;227.210891723633;0;0;0;0;
45;0;0;4104.10256410256;4324.10256410256;5064.61538461539;4841.02564102564;4506.15384615385;4489.74358974359;4183.58974358974;4185.64102564103;4504.61538461538;4395.89743589744;3882.5641025641;4371.79487179487;4105.64102564103;4269.23076923077;1699;1681;227.62;227.210891723633;0;0;0;0;
46;0;0;4105.12820512821;4327.17948717949;5065.64102564103;4840;4509.23076923077;4494.8717948718;4189.23076923077;4185.12820512821;4503.58974358974;4394.8717948718;3881.53846153846;4374.35897435897;4106.15384615385;4276.41025641026;1699;1681;227.627;227.210891723633;0;0;0;0;
47;0;0;4108.20512820513;4335.38461538462;5071.79487179487;4846.15384615385;4520.51282051282;4505.64102564103;4190.76923076923;4186.66666666667;4505.64102564103;4398.97435897436;3887.17948717949;4380.51282051282;4107.17948717949;4279.48717948718;1699;1681;227.635;227.210891723633;0;0;0;0;
48;0;0;4109.23076923077;4333.33333333333;5072.30769230769;4845.12820512821;4520.51282051282;4504.61538461538;4186.66666666667;4186.15384615385;4504.61538461538;4401.02564102564;3892.82051282051;4381.53846153846;4107.17948717949;4275.89743589744;1699;1680;227.643;227.210891723633;0;0;0;0;
49;0;0;4108.20512820513;4332.30769230769;5070.76923076923;4841.02564102564;4512.82051282051;4500.51282051282;4187.69230769231;4185.12820512821;4503.58974358974;4398.46153846154;3893.84615384615;4378.46153846154;4108.71794871795;4277.4358974359;1698;1681;227.651;227.210891723633;0;0;0;0;
50;0;0;4107.69230769231;4333.33333333333;5070.25641025641;4843.07692307692;4515.89743589744;4504.61538461538;4190.25641025641;4187.17948717949;4505.64102564103;4400;3891.79487179487;4378.46153846154;4108.20512820513;4279.48717948718;1699;1681;227.659;227.210891723633;0;0;0;0;
51;0;0;4109.23076923077;4334.8717948718;5070.76923076923;4843.58974358974;4522.5641025641;4506.66666666667;4194.8717948718;4188.71794871795;4505.64102564103;4403.58974358974;3891.28205128205;4380.51282051282;4107.17948717949;4276.92307692308;1699;1680;227.667;227.210891723633;0;0;0;0;
52;0;0;4109.23076923077;4337.94871794872;5072.30769230769;4845.12820512821;4522.05128205128;4505.12820512821;4197.94871794872;4186.66666666667;4504.10256410256;4402.05128205128;3893.33333333333;4378.97435897436;4107.69230769231;4275.89743589744;1699;1681;227.674;227.210891723633;0;0;0;0;
53;0;0;4107.17948717949;4338.46153846154;5068.71794871795;4846.15384615385;4521.53846153846;4504.61538461538;4193.33333333333;4184.10256410256;4502.5641025641;4400.51282051282;3892.30769230769;4374.8717948718;4107.69230769231;4275.38461538462;1700;1679;227.682;227.210891723633;0;0;0;0;
54;0;0;4105.64102564103;4334.35897435897;5062.05128205128;4842.5641025641;4521.02564102564;4503.58974358974;4185.12820512821;4181.53846153846;4495.38461538462;4401.02564102564;3888.71794871795;4368.20512820513;4108.71794871795;4275.89743589744;1698;1680;227.69;227.210891723633;0;0;0;0;
55;0;0;4106.15384615385;4335.38461538462;5062.5641025641;4842.5641025641;4520;4503.07692307692;4185.12820512821;4183.07692307692;4491.79487179487;4402.05128205128;3889.74358974359;4367.17948717949;4110.76923076923;4275.89743589744;1700;1679;227.698;227.210891723633;0;0;0;0;
56;0;0;4105.64102564103;4342.05128205128;5067.17948717949;4848.71794871795;4522.05128205128;4505.64102564103;4187.69230769231;4183.07692307692;4494.8717948718;4402.05128205128;3892.30769230769;4372.30769230769;4110.76923076923;4274.8717948718;1699;1680;227.706;227.210891723633;0;0;0;0;
57;0;0;4110.76923076923;4343.07692307692;5069.74358974359;4850.25641025641;4522.5641025641;4506.15384615385;4186.66666666667;4173.84615384615;4492.30769230769;4405.12820512821;3890.25641025641;4372.30769230769;4108.71794871795;4276.92307692308;1699;1680;227.713;227.210891723633;0;0;0;0;
58;0;0;4116.92307692308;4340.51282051282;5068.71794871795;4847.17948717949;4521.02564102564;4505.64102564103;4185.64102564103;4172.82051282051;4492.82051282051;4406.15384615385;3890.25641025641;4369.23076923077;4109.23076923077;4279.48717948718;1699;1680;227.721;227.210891723633;0;0;0;0;
59;0;0;4114.35897435897;4340.51282051282;5070.25641025641;4847.69230769231;4523.58974358974;4506.15384615385;4184.61538461538;4184.10256410256;4505.64102564103;4406.66666666667;3893.33333333333;4371.28205128205;4110.76923076923;4281.02564102564;1700;1680;227.729;227.210891723633;0;0;0;0;
60;0;0;4110.25641025641;4341.53846153846;5068.71794871795;4847.17948717949;4524.61538461538;4505.64102564103;4187.17948717949;4187.17948717949;4508.20512820513;4408.71794871795;3892.30769230769;4374.8717948718;4111.79487179487;4281.02564102564;1699;1679;227.737;227.210891723633;0;0;0;0;
61;0;0;4110.76923076923;4338.97435897436;5066.15384615385;4843.58974358974;4521.02564102564;4503.07692307692;4187.17948717949;4180.51282051282;4493.33333333333;4406.15384615385;3890.76923076923;4370.25641025641;4107.69230769231;4278.46153846154;1699;1680;227.745;227.210891723633;0;0;0;0;
62;0;0;4108.71794871795;4332.82051282051;5063.07692307692;4841.53846153846;4518.97435897436;4504.10256410256;4184.10256410256;4183.58974358974;4489.23076923077;4406.15384615385;3892.30769230769;4366.66666666667;4109.74358974359;4277.4358974359;1699;1679;227.753;227.210891723633;0;0;0;0;
63;0;0;4106.15384615385;4333.84615384615;5059.48717948718;4844.10256410256;4520.51282051282;4503.58974358974;4186.66666666667;4189.23076923077;4498.97435897436;4409.23076923077;3893.84615384615;4369.74358974359;4117.4358974359;4278.46153846154;1699;1680;227.76;227.711318969727;0;0;0;0;
64;0;443;4107.17948717949;4337.4358974359;5057.94871794872;4843.58974358974;4518.46153846154;4500;4190.25641025641;4185.12820512821;4498.46153846154;4411.28205128205;3893.84615384615;4371.28205128205;4113.84615384615;4276.92307692308;1700;1679;227.768;227.711318969727;0;0;0;0;
65;0;384;4106.15384615385;4332.30769230769;5058.97435897436;4838.97435897436;4517.94871794872;4501.02564102564;4189.74358974359;4183.07692307692;4491.79487179487;4411.28205128205;3892.30769230769;4369.23076923077;4105.64102564103;4275.89743589744;1698;1680;227.776;227.711318969727;0;0;0;0;
66;0;469;4103.07692307692;4325.12820512821;5057.94871794872;4839.48717948718;4518.46153846154;4505.64102564103;4187.69230769231;4185.12820512821;4490.25641025641;4410.76923076923;3892.30769230769;4369.23076923077;4106.66666666667;4276.41025641026;1700;1680;227.784;227.711318969727;0;0;0;0;
67;0;481;4104.10256410256;4325.64102564103;5055.38461538462;4840;4511.28205128205;4503.07692307692;4188.20512820513;4184.61538461538;4494.8717948718;4408.71794871795;3893.33333333333;4371.28205128205;4108.71794871795;4275.38461538462;1699;1679;227.792;227.711318969727;0;0;0;0;
68;0;478;4107.17948717949;4328.20512820513;5059.48717948718;4838.46153846154;4505.64102564103;4493.84615384615;4187.69230769231;4186.15384615385;4500.51282051282;4410.25641025641;3893.33333333333;4373.84615384615;4107.69230769231;4275.38461538462;1699;1681;227.799;227.711318969727;0;0;0;0;
69;0;479;4107.69230769231;4325.12820512821;5058.46153846154;4840;4507.17948717949;4490.25641025641;4185.12820512821;4187.17948717949;4495.38461538462;4412.82051282051;3893.84615384615;4374.35897435897;4106.66666666667;4277.4358974359;1698;1680;227.807;227.711318969727;0;0;0;0;
70;0;486;4105.64102564103;4326.15384615385;5055.89743589744;4840.51282051282;4508.20512820513;4492.30769230769;4183.58974358974;4183.58974358974;4487.17948717949;4413.33333333333;3894.8717948718;4372.30769230769;4109.23076923077;4277.94871794872;1698;1680;227.815;227.711318969727;0;0;0;0;
71;0;423;4109.23076923077;4332.82051282051;5063.07692307692;4842.05128205128;4508.71794871795;4496.41025641026;4183.07692307692;4182.05128205128;4494.8717948718;4418.46153846154;3895.89743589744;4372.30769230769;4117.94871794872;4278.46153846154;1698;1680;227.823;227.711318969727;0;0;0;0;
72;0;415;4112.82051282051;4332.30769230769;5066.66666666667;4844.61538461539;4510.25641025641;4496.92307692308;4183.07692307692;4186.15384615385;4507.69230769231;4422.05128205128;3896.41025641026;4372.82051282051;4118.97435897436;4279.48717948718;1699;1681;227.831;227.711318969727;0;0;0;0;
73;0;429;4108.71794871795;4325.64102564103;5059.48717948718;4840;4508.20512820513;4494.35897435897;4184.10256410256;4188.20512820513;4504.10256410256;4422.05128205128;3894.35897435898;4368.20512820513;4108.20512820513;4277.4358974359;1699;1680;227.839;227.711318969727;0;0;0;0;
74;0;442;4104.61538461538;4325.12820512821;5054.8717948718;4836.92307692308;4505.64102564103;4493.33333333333;4185.64102564103;4186.15384615385;4501.02564102564;4425.64102564103;3891.79487179487;4364.61538461538;4104.61538461538;4273.84615384615;1698;1682;227.846;227.711318969727;0;0;0;0;
75;0;438;4107.69230769231;4327.17948717949;5059.48717948718;4841.02564102564;4507.69230769231;4493.84615384615;4187.69230769231;4187.17948717949;4506.66666666667;4426.15384615385;3892.82051282051;4367.17948717949;4110.25641025641;4276.41025641026;1700;1680;227.854;227.711318969727;0;0;0;0;
76;0;462;4109.74358974359;4324.10256410256;5060.51282051282;4841.53846153846;4506.15384615385;4491.79487179487;4188.20512820513;4188.71794871795;4504.10256410256;4418.46153846154;3891.79487179487;4368.20512820513;4108.20512820513;4279.48717948718;1698;1681;227.862;227.711318969727;0;0;0;0;
77;0;438;4107.69230769231;4322.5641025641;5056.41025641026;4838.97435897436;4501.53846153846;4488.71794871795;4186.15384615385;4189.23076923077;4494.8717948718;4411.28205128205;3884.10256410256;4366.66666666667;4102.5641025641;4277.4358974359;1699;1681;227.87;227.711318969727;0;0;0;0;
78;0;442;4107.17948717949;4324.61538461538;5056.41025641026;4839.48717948718;4502.5641025641;4490.76923076923;4187.69230769231;4188.71794871795;4492.82051282051;4411.79487179487;3880.51282051282;4366.15384615385;4104.10256410256;4277.94871794872;1698;1681;227.878;227.711318969727;0;0;0;0;
79;0;438;4108.20512820513;4321.02564102564;5056.92307692308;4841.02564102564;4504.10256410256;4493.33333333333;4189.74358974359;4188.20512820513;4490.76923076923;4409.74358974359;3882.05128205128;4367.17948717949;4105.12820512821;4276.92307692308;1699;1681;227.885;227.711318969727;0;0;0;0;
80;0;462;4105.64102564103;4313.33333333333;5049.74358974359;4837.94871794872;4495.38461538462;4491.79487179487;4186.15384615385;4183.58974358974;4480.51282051282;4400.51282051282;3878.97435897436;4362.5641025641;4094.8717948718;4267.17948717949;1699;1681;227.893;227.711318969727;0;0;0;0;
81;0;438;4097.94871794872;4309.23076923077;5038.46153846154;4834.35897435897;4489.23076923077;4491.28205128205;4184.10256410256;4175.38461538462;4472.82051282051;4392.82051282051;3874.35897435898;4355.89743589744;4085.12820512821;4262.05128205128;1699;1682;227.901;227.711318969727;0;0;0;0;
82;0;442;4094.35897435898;4311.28205128205;5041.53846153846;4834.8717948718;4500;4492.30769230769;4187.17948717949;4175.38461538462;4480;4400.51282051282;3876.92307692308;4359.48717948718;4089.74358974359;4263.58974358974;1700;1680;227.909;227.711318969727;0;0;0;0;
83;0;438;4100.51282051282;4316.41025641026;5051.79487179487;4836.41025641026;4508.20512820513;4494.35897435897;4187.17948717949;4183.07692307692;4489.74358974359;4411.79487179487;3881.53846153846;4367.17948717949;4097.94871794872;4265.64102564103;1700;1680;227.917;227.711318969727;0;0;0;0;
84;0;462;4106.15384615385;4320;5055.38461538462;4837.94871794872;4505.64102564103;4492.82051282051;4185.12820512821;4185.64102564103;4489.74358974359;4412.30769230769;3883.07692307692;4368.20512820513;4098.46153846154;4268.20512820513;1699;1680;227.925;227.711318969727;0;0;0;0;
85;0;438;4104.61538461538;4315.38461538462;5052.82051282051;4836.92307692308;4504.10256410256;4490.25641025641;4185.64102564103;4183.58974358974;4489.74358974359;4411.28205128205;3883.07692307692;4366.15384615385;4096.41025641026;4268.71794871795;1700;1681;227.932;227.711318969727;0;0;0;0;
86;0;442;4104.61538461538;4310.25641025641;5049.74358974359;4834.35897435897;4505.12820512821;4491.28205128205;4185.64102564103;4183.07692307692;4489.23076923077;4411.79487179487;3883.07692307692;4368.71794871795;4097.4358974359;4266.15384615385;1700;1680;227.94;227.711318969727;0;0;0;0;
87;0;438;4106.66666666667;4313.33333333333;5047.69230769231;4833.84615384615;4504.10256410256;4493.33333333333;4185.12820512821;4181.02564102564;4482.5641025641;4412.82051282051;3882.05128205128;4367.17948717949;4096.41025641026;4266.15384615385;1699;1681;227.948;227.711318969727;0;0;0;0;
88;0;462;4100.51282051282;4313.84615384615;5044.10256410256;4835.38461538462;4505.12820512821;4492.82051282051;4185.64102564103;4182.5641025641;4479.48717948718;4411.28205128205;3880;4360.51282051282;4091.28205128205;4264.10256410256;1700;1680;227.956;227.711318969727;0;0;0;0;
89;0;438;4096.41025641026;4312.30769230769;5042.05128205128;4833.84615384615;4507.17948717949;4493.33333333333;4186.66666666667;4184.61538461538;4482.05128205128;4406.15384615385;3877.94871794872;4356.41025641026;4088.71794871795;4261.02564102564;1700;1680;227.964;227.711318969727;0;0;0;0;
90;0;442;4098.97435897436;4312.30769230769;5041.02564102564;4831.79487179487;4505.64102564103;4494.8717948718;4185.12820512821;4175.38461538462;4477.4358974359;4400;3873.84615384615;4354.35897435897;4090.76923076923;4262.5641025641;1700;1681;227.971;227.711318969727;0;0;0;0;
